,PLAYER,TEAM,AGE,GP,W,L,MIN,PTS,FGM,FGA,FG%,3PM,3PA,3P%,FTM,FTA,FT%,OREB,DREB,REB,AST,TOV,STL,BLK,PF,FP,DD2,TD3,+/-,SEASON
0,Aaron Gordon,ORL,24,62,30,32,48.2,21.4,8.0,18.3,43.7,1.7,5.7,30.8,3.6,5.4,67.4,2.6,8.8,11.4,5.5,2.4,1.2,0.9,3.0,47.3,20,1,-1.6,2020
1,Aaron Holiday,IND,23,66,42,24,47.6,18.5,6.9,16.6,41.4,2.6,6.5,39.4,2.2,2.6,85.1,0.6,3.9,4.6,6.6,2.6,1.6,0.5,3.5,37.6,3,0,3.3,2020
2,Abdel Nader,OKC,26,55,37,18,47.2,18.8,6.7,14.3,46.8,2.6,7.0,37.5,2.8,3.6,77.3,0.8,4.7,5.4,2.1,2.3,1.3,1.1,4.3,33.1,0,0,-4.6,2020
3,Adam Mokoka,CHI,21,11,3,8,46.9,13.4,5.0,11.8,42.9,2.5,6.3,40.0,0.8,1.7,50.0,2.9,1.3,4.2,1.7,0.8,1.7,0.0,7.1,25.2,0,0,21.0,2020
4,Admiral Schofield,WAS,23,33,9,24,46.6,12.5,4.4,11.6,38.0,2.4,7.7,31.1,1.3,1.9,66.7,0.9,5.1,5.9,1.9,0.9,1.0,0.5,6.3,26.2,0,0,-7.2,2020
5,Al Horford,PHI,34,67,39,28,47.8,18.8,7.5,16.7,45.0,2.3,6.7,35.0,1.4,1.9,76.3,2.4,8.3,10.8,6.4,1.9,1.2,1.4,3.3,47.4,6,0,3.0,2020
6,Al-Farouq Aminu,ORL,29,18,7,11,47.7,9.8,3.1,10.8,29.1,1.1,4.5,25.0,2.4,3.6,65.5,3.0,7.9,10.9,2.6,2.1,2.3,1.0,3.4,34.5,1,0,-4.4,2020
7,Alec Burks,PHI,28,66,21,45,47.0,26.6,8.6,20.6,41.8,3.1,8.1,38.5,6.3,7.1,88.7,1.3,6.3,7.6,5.1,2.4,1.7,0.5,3.4,47.2,1,0,-6.0,2020
8,Alen Smailagic,GSW,19,14,1,13,45.7,19.4,6.6,13.2,50.0,1.0,4.3,23.1,5.3,6.3,84.2,3.3,5.6,8.9,4.3,3.6,1.0,1.3,4.6,39.8,0,0,-2.6,2020
9,Alex Caruso,LAL,26,64,48,16,46.7,13.9,4.8,11.6,41.2,1.6,4.8,33.3,2.7,3.7,73.4,0.7,4.2,4.9,4.9,2.1,2.8,0.7,3.9,35.5,0,0,9.8,2020
10,Alex Len,SAC,27,55,18,37,45.8,20.7,8.4,15.1,55.5,0.8,2.8,27.1,3.2,5.0,64.8,4.7,10.4,15.1,2.4,2.6,1.1,2.3,6.0,49.8,8,0,-5.2,2020
11,Alfonzo McKinnie,CLE,27,40,11,29,47.3,14.5,5.8,13.6,42.7,1.1,5.2,21.5,1.8,2.5,71.0,3.0,6.1,9.0,1.1,2.1,1.8,0.6,5.7,32.3,1,0,-7.4,2020
12,Alize Johnson,IND,24,17,10,7,45.3,13.1,4.6,11.2,41.4,1.2,3.1,37.5,2.7,3.8,70.0,6.2,12.3,18.5,2.7,2.7,1.2,0.8,4.6,42.3,1,0,9.6,2020
13,Allen Crabbe,MIN,28,37,5,32,45.3,11.9,4.4,12.3,35.6,2.5,8.2,30.3,0.7,1.0,71.4,0.8,4.6,5.3,2.3,1.2,1.0,0.3,3.3,24.5,0,0,-15.3,2020
14,Allonzo Trier,NYK,24,24,2,22,47.0,25.1,8.3,17.2,48.1,3.1,8.6,35.8,5.5,7.0,79.1,1.0,3.7,4.7,4.5,3.6,0.5,0.6,4.7,37.3,0,0,-11.5,2020
15,Amile Jefferson,ORL,27,18,5,13,46.5,9.4,3.1,8.8,35.7,0.0,0.0,0.0,3.1,8.8,35.7,6.3,8.1,14.4,2.5,1.9,0.6,1.9,4.4,36.0,0,0,11.3,2020
16,Amir Coffey,LAC,23,18,11,7,46.1,16.8,6.7,15.7,42.6,1.7,5.5,31.6,1.7,3.2,54.5,1.2,3.5,4.6,4.1,2.3,1.4,0.6,5.8,32.2,0,0,-1.4,2020
17,Andre Drummond,CLE,26,57,21,36,48.6,26.1,10.8,20.3,53.3,0.1,0.9,14.3,4.4,7.6,57.5,6.5,15.9,22.3,3.9,5.2,2.8,2.4,5.2,69.2,47,0,-4.9,2020
18,Andre Iguodala,MIA,36,21,10,11,46.4,10.6,4.2,9.8,43.2,1.6,5.2,29.8,0.7,1.7,40.0,1.9,6.8,8.6,5.7,2.9,1.6,2.3,3.9,38.3,0,0,-2.8,2020
19,Andre Roberson,OKC,28,7,3,4,46.0,10.6,4.2,15.3,27.6,1.6,7.4,21.4,0.5,1.1,50.0,3.7,10.6,14.3,2.1,1.1,0.5,1.6,6.9,36.2,0,0,-1.6,2020
20,Andrew Wiggins,GSW,25,54,15,39,46.4,29.3,10.9,24.4,44.7,2.8,8.3,33.2,4.7,6.7,70.9,1.6,5.2,6.8,4.9,3.3,1.1,1.3,3.2,49.0,4,1,-5.0,2020
21,Anfernee Simons,POR,21,70,32,38,46.6,18.6,6.9,17.3,39.9,2.4,7.3,33.2,2.4,3.0,82.6,0.8,4.1,4.9,3.1,2.0,0.8,0.3,4.3,30.7,1,0,-8.0,2020
22,Ante Zizic,CLE,23,22,4,18,46.8,20.4,8.7,15.3,56.9,0.0,0.0,0.0,3.0,4.0,73.7,3.8,10.2,14.0,1.3,2.1,1.5,1.1,5.7,44.6,1,0,3.0,2020
23,Anthony Davis,LAL,27,62,46,16,46.8,35.5,12.1,24.1,50.3,1.6,4.8,33.0,9.7,11.5,84.6,3.1,9.5,12.7,4.4,3.4,2.0,3.1,3.4,69.3,29,0,5.3,2020
24,Anthony Tolliver,MEM,35,55,24,31,46.2,10.6,3.4,9.7,35.7,2.6,7.7,33.8,1.1,1.5,72.4,1.8,6.4,8.2,2.2,1.8,1.0,0.6,3.9,26.7,1,0,-5.5,2020
25,Antonius Cleveland,DAL,26,11,6,5,48.1,11.6,4.2,14.7,28.6,0.0,3.2,0.0,3.2,5.3,60.0,2.1,5.3,7.4,1.1,2.1,1.1,3.2,8.4,32.5,0,0,-12.6,2020
26,Anzejs Pasecniks,WAS,24,27,9,18,46.0,16.4,6.4,12.2,52.6,0.0,0.3,0.0,3.6,6.1,58.6,4.4,6.8,11.3,1.9,2.5,0.9,1.3,7.9,36.9,0,0,-0.4,2020
27,Aron Baynes,PHX,33,42,19,23,46.8,24.1,9.2,19.1,48.0,3.0,8.4,35.1,2.8,3.8,74.7,3.6,8.3,11.9,3.4,2.5,0.5,1.2,7.1,45.8,3,0,-2.3,2020
28,Austin Rivers,HOU,27,68,43,25,45.4,17.0,6.0,14.3,42.1,2.7,7.7,35.6,2.2,3.2,70.3,0.8,4.2,5.0,3.2,1.4,1.4,0.3,3.7,31.4,0,0,2.3,2020
29,Avery Bradley,LAL,29,49,36,13,46.6,16.6,6.7,15.0,44.4,2.5,6.8,36.4,0.8,0.9,83.3,0.7,3.8,4.5,2.5,1.8,1.7,0.2,4.3,29.6,0,0,7.2,2020
30,BJ Johnson,ORL,24,10,5,5,43.7,15.9,4.8,16.9,28.1,1.6,4.8,33.3,4.8,5.3,90.0,1.6,6.3,7.9,1.6,3.2,1.6,0.0,1.6,29.4,0,0,-4.8,2020
31,Bam Adebayo,MIA,22,72,44,28,48.8,23.1,8.9,16.0,55.7,0.0,0.3,14.3,5.3,7.7,69.1,3.6,11.3,14.8,7.4,4.1,1.7,1.9,3.7,58.6,40,3,4.9,2020
32,Ben McLemore,HOU,27,71,44,27,45.6,20.1,6.8,15.3,44.4,5.1,12.7,40.0,1.4,1.9,74.6,0.6,3.8,4.4,1.6,1.4,1.3,0.5,4.4,31.6,1,0,5.3,2020
33,Ben Simmons,PHI,23,57,35,22,47.5,22.1,8.8,15.3,58.0,0.0,0.2,28.6,4.4,7.0,62.1,2.7,7.8,10.5,10.7,4.7,2.8,0.8,4.4,56.8,31,6,1.5,2020
34,Bismack Biyombo,CHA,27,53,18,35,50.0,19.1,7.3,13.5,54.3,0.0,0.0,0.0,4.4,7.3,60.3,5.8,9.1,15.0,2.4,2.3,0.5,2.4,5.6,46.9,8,0,-7.4,2020
35,Blake Griffin,DET,31,18,8,10,48.8,26.6,8.4,23.8,35.2,2.6,10.6,24.3,7.2,9.3,77.6,1.6,6.4,8.0,5.6,3.8,0.7,0.7,2.6,44.8,2,0,-2.5,2020
36,Boban Marjanovic,DAL,31,44,21,23,47.3,32.4,13.6,23.7,57.3,0.4,1.9,23.5,4.8,6.4,75.4,7.4,14.7,22.1,2.2,3.4,0.9,1.1,6.3,65.0,6,0,5.5,2020
37,Bobby Portis,NYK,25,66,21,45,47.1,22.6,9.0,19.9,45.0,2.3,6.3,35.8,2.4,3.1,76.3,2.7,8.7,11.4,3.3,2.5,1.1,0.6,3.7,43.9,5,0,-6.5,2020
38,Bogdan Bogdanovic,SAC,27,61,29,32,48.3,25.3,9.2,20.9,44.0,4.5,12.1,37.2,2.4,3.2,74.1,0.7,4.9,5.7,5.7,2.8,1.7,0.4,3.6,44.2,2,0,-1.2,2020
39,Bojan Bogdanovic,UTA,31,63,41,22,48.1,29.5,9.7,21.6,44.7,4.4,10.6,41.4,5.8,6.4,90.3,0.9,5.1,6.0,3.0,3.7,0.8,0.2,2.5,40.3,0,0,6.2,2020
40,Bol Bol,DEN,20,7,2,5,49.1,22.6,7.9,15.8,50.0,2.3,5.1,44.4,4.5,5.6,80.0,2.8,7.9,10.7,3.4,5.6,1.1,3.4,6.2,48.5,0,0,-11.9,2020
41,Brad Wanamaker,BOS,30,71,48,23,47.4,16.9,5.6,12.5,44.8,1.3,3.5,36.3,4.4,4.7,92.6,0.8,4.2,5.0,6.2,2.6,2.1,0.5,4.6,37.3,0,0,4.6,2020
42,Bradley Beal,WAS,27,57,20,37,46.3,39.3,13.4,29.4,45.5,3.8,10.9,35.3,8.7,10.3,84.2,1.2,4.3,5.5,7.8,4.4,1.6,0.5,2.8,59.6,8,0,-4.5,2020
43,Brandon Clarke,MEM,23,58,29,29,45.4,24.4,10.3,16.7,61.8,0.8,2.2,35.9,3.0,3.9,75.9,3.2,8.8,12.0,2.8,1.9,1.1,1.7,3.5,49.6,3,0,-0.7,2020
44,Brandon Goodwin,ATL,24,34,13,21,45.9,22.0,8.1,20.3,40.0,2.8,9.3,29.9,3.0,3.2,93.3,1.2,6.5,7.7,5.4,3.1,1.3,0.4,4.6,41.4,0,0,-13.6,2020
45,Brandon Ingram,NOP,22,62,25,37,45.6,32.0,11.0,23.8,46.3,3.3,8.3,39.1,6.8,8.0,85.1,1.1,7.1,8.2,5.6,4.1,1.3,0.8,3.9,52.7,9,0,-1.0,2020
46,Brandon Knight,DET,28,25,4,21,48.5,19.2,6.2,17.5,35.3,4.7,13.7,34.4,2.1,3.6,58.8,0.4,3.9,4.3,7.2,4.0,1.0,0.3,4.2,35.3,0,0,-7.3,2020
47,Brian Bowen II,IND,21,6,5,1,47.8,9.2,4.6,15.4,30.0,0.0,3.1,0.0,0.0,0.0,0.0,1.5,9.2,10.8,0.0,1.5,0.0,1.5,4.6,25.2,0,0,20.0,2020
48,Brook Lopez,MIL,32,68,53,15,44.8,20.1,7.2,16.6,43.5,2.5,8.0,31.4,3.1,3.7,83.6,1.4,6.3,7.7,2.4,1.7,1.1,4.0,4.0,46.7,4,0,13.0,2020
49,Bruce Brown,DET,23,58,18,40,48.9,15.5,5.9,13.4,44.3,1.0,2.9,34.4,2.6,3.6,73.9,1.8,6.4,8.2,6.9,3.0,1.9,0.9,4.9,40.9,4,0,-4.1,2020
50,Bruno Caboclo,HOU,24,30,11,19,44.4,16.4,6.9,16.2,42.7,1.1,6.0,18.2,1.5,1.6,88.9,4.2,6.7,10.9,2.2,2.4,2.7,3.1,5.6,47.8,1,0,-5.8,2020
51,Bruno Fernando,ATL,21,56,18,38,46.4,15.6,6.7,12.9,51.8,0.3,2.4,13.5,1.9,3.3,56.9,4.4,8.5,12.9,3.2,2.7,1.2,1.1,7.0,40.0,1,0,-6.1,2020
52,Bryn Forbes,SAS,26,63,27,36,47.8,21.4,7.3,17.6,41.7,4.5,11.5,38.8,2.3,2.7,83.3,0.4,3.4,3.8,3.3,1.7,1.0,0.0,3.4,32.1,0,0,-6.5,2020
53,Buddy Hield,SAC,27,72,31,41,47.4,29.6,10.7,24.9,42.9,5.8,14.7,39.4,2.5,2.9,84.6,1.2,5.8,7.0,4.6,3.6,1.4,0.4,3.5,46.5,2,0,-2.3,2020
54,CJ McCollum,POR,28,70,34,36,47.4,28.8,11.3,25.1,45.1,3.6,9.5,37.9,2.6,3.4,75.7,0.9,4.6,5.5,5.7,2.4,1.0,0.8,3.4,47.0,4,0,0.3,2020
55,CJ Miles,WAS,33,10,4,6,44.0,17.5,5.2,16.1,32.2,3.0,9.6,31.4,4.1,5.5,75.0,1.1,2.2,3.3,3.3,1.1,2.7,1.1,3.8,36.7,0,0,-2.2,2020
56,Caleb Martin,CHA,24,18,6,12,50.0,17.5,5.8,13.3,44.0,3.2,5.8,54.1,2.7,3.3,81.0,1.6,4.4,6.0,3.6,2.4,1.9,1.1,5.1,36.8,0,0,0.9,2020
57,Caleb Swanigan,POR,23,27,12,15,46.2,10.4,4.5,7.5,59.6,0.0,0.3,0.0,1.4,2.7,52.9,4.3,11.7,16.0,5.0,5.9,0.5,1.1,9.9,36.0,0,0,-7.1,2020
58,Cam Reddish,ATL,20,58,17,41,45.6,18.0,6.3,16.3,38.4,2.4,7.4,33.2,3.0,3.7,80.2,1.0,5.3,6.4,2.6,2.8,1.8,0.8,3.9,34.5,0,0,-7.2,2020
59,Cameron Johnson,PHX,24,57,28,29,46.3,18.6,6.5,14.9,43.5,3.9,10.0,39.0,1.7,2.1,80.7,1.8,5.1,6.9,2.5,1.2,1.3,0.7,3.2,35.7,2,0,0.4,2020
60,Cameron Payne,PHX,25,8,8,0,46.0,21.9,8.3,17.1,48.5,3.8,7.3,51.7,1.5,1.8,85.7,1.0,6.8,7.8,6.0,2.8,2.0,0.5,5.0,45.0,0,0,22.4,2020
61,Caris LeVert,BKN,25,45,21,24,46.8,29.7,11.0,25.8,42.5,2.8,7.7,36.4,4.9,6.9,71.1,1.7,4.9,6.7,7.0,4.2,1.9,0.4,2.9,50.7,2,1,-0.1,2020
62,Carmelo Anthony,POR,36,58,28,30,47.8,22.5,8.4,19.6,43.0,2.2,5.7,38.5,3.4,4.0,84.5,1.8,7.5,9.2,2.1,2.5,1.2,0.7,4.3,40.0,5,0,0.5,2020
63,Carsen Edwards,BOS,22,37,25,12,45.8,15.8,5.5,16.7,32.8,3.1,9.9,31.6,1.7,2.5,68.4,0.8,5.4,6.1,3.1,2.0,1.6,0.5,4.4,32.2,0,0,-6.1,2020
64,Cedi Osman,CLE,25,65,19,46,47.8,18.0,6.7,15.2,43.7,3.1,8.0,38.3,1.6,2.4,67.0,1.0,4.8,5.8,3.9,2.3,1.4,0.4,4.0,33.7,2,0,-8.8,2020
65,Chandler Hutchison,CHI,24,28,8,20,45.8,18.9,7.0,15.2,45.7,1.0,3.3,31.6,4.0,6.8,59.0,1.6,7.8,9.4,2.3,2.3,2.3,0.6,4.1,40.1,0,0,-12.5,2020
66,Chandler Parsons,ATL,31,5,0,5,43.0,11.1,4.0,14.3,27.8,3.2,11.1,28.6,0.0,0.0,0.0,0.8,4.8,5.6,2.4,2.4,3.2,0.8,2.4,30.9,0,0,-31.7,2020
67,Charlie Brown Jr.,ATL,23,10,1,9,46.5,23.0,6.9,21.8,31.6,3.4,10.3,33.3,5.7,5.7,100,2.3,2.3,4.6,2.3,3.4,2.3,2.3,3.4,42.3,0,0,32.2,2020
68,Chasson Randle,GSW,27,3,2,1,46.4,5.7,0.0,4.6,0.0,0.0,2.3,0.0,5.7,6.9,83.3,0.0,2.3,2.3,5.7,0.0,2.3,0.0,3.4,24.0,0,0,-4.6,2020
69,Cheick Diallo,PHX,23,47,20,27,47.2,21.6,9.1,14.0,64.8,0.1,0.3,33.3,3.4,3.8,87.2,3.0,10.0,12.9,2.2,3.2,1.1,1.2,5.4,44.0,1,0,-4.6,2020
70,Chimezie Metu,SAS,23,18,8,10,46.0,25.3,10.5,18.3,57.1,0.0,0.9,0.0,4.4,5.7,76.9,5.2,9.2,14.4,4.4,4.4,1.3,2.6,3.1,56.6,0,0,-3.9,2020
71,Chris Boucher,TOR,27,62,45,17,46.8,23.5,8.1,17.1,47.2,2.2,6.7,32.2,5.2,6.6,78.4,6.1,9.7,15.8,1.5,1.6,1.3,3.5,6.5,57.3,5,0,5.7,2020
72,Chris Chiozza,BKN,24,28,14,14,45.4,16.1,6.2,15.8,39.3,3.1,8.1,37.5,0.6,0.6,100,1.0,5.0,6.0,9.4,3.6,2.4,0.5,4.2,42.2,1,0,10.3,2020
73,Chris Clemons,HOU,22,33,19,14,45.2,25.0,8.9,22.1,40.1,5.8,16.6,34.6,1.6,1.7,90.9,0.6,4.0,4.7,4.2,3.0,1.4,0.9,4.0,41.0,0,0,-9.6,2020
74,Chris Paul,OKC,35,70,44,26,47.7,26.6,9.4,19.2,48.9,2.4,6.6,36.5,5.5,6.0,90.7,0.6,7.0,7.5,10.2,3.5,2.4,0.2,3.4,55.4,10,0,7.1,2020
75,Chris Silva,MIA,23,44,27,17,46.9,18.0,6.5,10.6,61.5,0.0,0.4,0.0,5.0,7.4,67.3,8.1,8.9,17.1,3.1,4.3,1.2,2.8,11.5,51.0,0,0,-7.3,2020
76,Christian Wood,DET,24,62,20,42,48.1,29.4,10.5,18.5,56.7,2.0,5.1,38.6,6.5,8.8,74.4,3.8,10.4,14.2,2.2,3.1,1.2,2.0,3.6,56.2,12,0,2.5,2020
77,Clint Capela,ATL,26,39,22,17,46.0,19.5,8.8,13.9,62.9,0.0,0.0,0.0,2.0,3.7,52.9,6.0,13.3,19.3,1.7,2.3,1.2,2.6,3.7,54.3,27,0,2.2,2020
78,Coby White,CHI,20,65,22,43,46.9,24.0,8.7,22.2,39.4,3.7,10.5,35.4,2.9,3.6,79.1,0.8,5.7,6.4,4.9,3.1,1.4,0.2,3.3,40.7,0,0,-4.6,2020
79,Cody Martin,CHA,24,48,16,32,48.7,12.8,4.8,11.2,43.0,1.0,4.2,23.4,2.3,3.5,64.6,2.1,6.5,8.5,5.1,2.4,2.1,0.5,4.2,36.2,0,0,-3.7,2020
80,Cody Zeller,CHA,27,58,18,40,49.2,23.6,9.2,17.6,52.4,0.7,2.8,24.0,4.5,6.6,68.2,5.9,9.2,15.1,3.2,2.8,1.5,0.9,5.1,50.9,10,0,-8.1,2020
81,Collin Sexton,CLE,21,65,19,46,47.7,30.1,11.4,24.2,47.2,2.2,5.7,38.0,5.0,5.9,84.6,1.4,3.2,4.5,4.3,3.5,1.4,0.2,3.2,43.2,0,0,-8.8,2020
82,Corey Brewer,SAC,34,5,2,3,44.0,6.8,2.7,5.4,50.0,0.0,1.4,0.0,1.4,4.1,33.3,2.7,8.1,10.8,2.7,2.7,5.4,0.0,9.5,37.3,0,0,6.8,2020
83,Cory Joseph,SAC,28,72,31,41,48.3,12.6,4.7,11.3,41.5,1.5,4.4,35.2,1.6,1.9,85.7,1.2,4.0,5.2,6.9,2.2,1.5,0.6,3.7,33.0,0,0,-1.2,2020
84,Courtney Lee,DAL,34,24,15,9,47.7,14.8,5.5,11.3,48.8,2.9,6.5,44.7,0.8,1.0,85.7,1.0,3.4,4.4,1.7,1.5,2.5,0.8,4.6,31.0,0,0,5.4,2020
85,Cristiano Felicio,CHI,27,22,6,16,48.0,10.7,4.2,6.7,63.0,0.0,0.2,0.0,2.2,2.9,78.3,6.8,5.9,12.7,2.0,2.2,1.2,0.2,4.2,31.2,0,0,-7.1,2020
86,D'Angelo Russell,MIN,24,45,11,34,45.8,32.8,11.4,26.7,42.6,5.0,13.6,36.7,5.1,6.3,80.9,0.5,5.0,5.6,9.0,4.6,1.5,0.4,2.7,54.1,3,0,-7.9,2020
87,D.J. Augustin,ORL,32,57,28,29,48.0,20.2,6.2,15.6,39.9,2.4,6.8,34.8,5.4,6.1,89.0,0.7,3.4,4.1,8.8,2.9,1.1,0.0,2.4,39.1,0,0,2.6,2020
88,D.J. Wilson,MIL,24,37,29,8,44.7,16.4,6.4,16.3,39.4,2.2,9.0,24.7,1.4,2.2,61.1,1.5,9.9,11.3,3.1,2.3,0.4,0.6,4.1,35.2,0,0,-5.8,2020
89,DaQuan Jeffries,SAC,22,13,4,9,44.2,15.7,6.3,12.5,50.0,1.6,5.6,27.8,1.6,1.9,83.3,0.9,4.7,5.6,2.2,0.6,1.3,0.3,6.0,29.8,0,0,0.6,2020
90,Damian Jones,ATL,25,55,15,40,46.0,15.9,6.3,9.2,68.0,0.1,0.5,22.2,3.2,4.4,73.8,3.8,6.8,10.7,1.8,1.5,1.3,2.1,7.7,40.2,0,0,-13.3,2020
91,Damian Lillard,POR,29,66,33,33,47.0,37.6,11.8,25.6,46.3,5.1,12.8,40.1,8.7,9.8,88.8,0.6,4.8,5.4,10.1,3.7,1.3,0.4,2.2,60.7,19,1,1.6,2020
92,Damion Lee,GSW,27,49,12,37,46.6,20.3,7.0,16.7,41.7,2.8,7.8,35.6,3.6,4.1,87.3,1.0,6.8,7.8,4.4,2.2,1.6,0.2,3.8,39.6,3,0,-4.1,2020
93,Damyean Dotson,NYK,26,48,14,34,47.2,18.1,6.8,16.4,41.4,3.3,9.2,36.2,1.2,1.9,66.7,0.6,4.6,5.1,3.2,1.2,1.3,0.2,2.5,32.5,0,0,-4.9,2020
94,Daniel Gafford,CHI,21,43,15,28,47.1,17.0,7.3,10.4,70.1,0.0,0.0,0.0,2.5,4.6,53.3,4.0,4.2,8.2,1.6,2.2,1.0,4.3,7.6,43.0,0,0,-2.2,2020
95,Daniel Theis,BOS,28,65,42,23,48.2,18.5,7.4,13.1,56.6,1.0,3.0,33.3,2.7,3.5,76.3,4.3,8.8,13.1,3.4,1.7,1.1,2.6,6.7,48.8,7,0,6.2,2020
96,Danilo Gallinari,OKC,31,62,37,25,48.3,30.6,9.4,21.5,43.8,4.7,11.6,40.5,7.0,7.9,89.3,0.9,7.6,8.5,3.1,2.0,1.1,0.1,2.0,47.2,3,0,6.1,2020
97,Danny Green,LAL,33,68,51,17,46.6,15.1,5.4,13.1,41.6,3.3,9.0,36.7,0.9,1.3,68.8,1.4,4.8,6.2,2.5,1.7,2.3,0.9,3.8,34.3,0,0,7.1,2020
98,Dante Exum,CLE,24,35,10,25,47.9,15.7,5.5,11.7,47.1,1.5,4.2,34.9,3.2,4.2,74.4,1.2,5.4,6.6,3.9,3.1,1.3,0.8,3.7,32.7,0,0,-10.7,2020
99,Danuel House Jr.,HOU,27,63,40,23,45.9,15.9,5.5,12.9,42.7,3.1,8.5,36.3,1.8,2.2,81.1,1.4,5.0,6.4,2.0,1.3,1.6,0.8,3.2,32.6,2,0,3.0,2020
100,Dario Saric,PHX,26,66,32,34,46.9,20.3,7.4,15.5,47.6,2.4,6.8,35.7,3.1,3.7,84.4,2.9,8.8,11.7,3.5,2.5,1.1,0.5,4.5,41.6,9,0,-2.0,2020
101,Darius Bazley,OKC,20,61,36,25,47.1,14.3,5.2,13.2,39.4,2.0,5.9,34.8,1.8,2.6,69.4,1.3,9.0,10.3,1.7,1.9,1.0,1.7,2.3,35.3,1,0,-3.3,2020
102,Darius Garland,CLE,20,59,17,42,47.6,19.0,7.3,18.3,40.1,2.7,7.7,35.5,1.6,1.9,87.5,0.7,2.2,2.9,6.0,3.9,1.1,0.1,2.4,31.1,1,0,-7.7,2020
103,Daryl Macon,MIA,24,4,4,0,50.4,10.7,3.6,10.7,33.3,3.6,7.1,50.0,0.0,0.0,0.0,0.0,0.0,0.0,3.6,7.1,0.0,0.0,3.6,8.9,0,0,0.0,2020
104,David Nwaba,HOU,27,20,8,12,46.1,17.9,6.4,12.2,52.1,2.1,4.8,42.9,3.1,4.6,66.7,1.4,6.4,7.7,1.4,1.4,1.9,2.1,5.5,39.7,0,0,6.0,2020
105,Davis Bertans,WAS,27,54,20,34,45.3,23.9,7.6,17.5,43.4,5.7,13.5,42.4,3.0,3.5,85.2,1.0,6.0,7.0,2.6,1.7,1.1,0.9,4.0,40.6,1,0,-0.4,2020
106,De'Aaron Fox,SAC,22,51,20,31,46.9,30.9,11.2,23.4,48.0,1.5,5.3,29.2,6.9,9.8,70.5,1.0,4.6,5.6,10.0,4.5,2.1,0.7,4.2,56.6,9,0,-3.5,2020
107,De'Andre Hunter,ATL,22,63,19,44,46.3,17.8,6.4,15.7,41.0,2.5,7.0,35.5,2.5,3.3,76.4,1.0,5.5,6.6,2.6,2.4,1.0,0.4,4.2,31.5,3,0,-6.0,2020
108,De'Anthony Melton,MEM,22,60,27,33,45.5,17.7,6.3,15.6,40.1,1.6,5.5,28.6,3.6,4.7,76.9,1.7,6.9,8.6,6.8,3.3,3.0,0.8,4.2,46.3,0,0,4.6,2020
109,DeAndre Jordan,BKN,31,56,27,29,46.6,17.5,7.2,10.8,66.6,0.0,0.0,0.0,3.1,4.6,68.0,5.3,15.8,21.2,4.0,2.8,0.7,2.0,4.3,54.0,13,0,-1.5,2020
110,DeAndre' Bembry,ATL,25,43,10,33,45.6,12.4,5.2,11.4,45.6,0.7,3.2,23.1,1.3,2.4,54.2,1.7,5.9,7.6,4.0,3.0,2.7,0.9,4.2,35.6,2,0,-12.8,2020
111,DeMar DeRozan,SAS,30,68,31,37,47.7,31.0,11.5,21.6,53.1,0.2,0.7,25.7,7.8,9.3,84.5,0.9,6.8,7.7,7.8,3.4,1.4,0.4,3.7,54.2,7,0,-2.4,2020
112,DeMarre Carroll,HOU,33,24,10,14,45.9,13.8,4.0,10.4,37.9,1.3,5.2,24.2,4.6,6.6,69.0,1.9,6.8,8.7,4.0,2.7,1.3,0.8,5.1,33.6,0,0,-0.5,2020
113,Dean Wade,CLE,23,12,1,11,45.5,12.7,5.7,8.3,69.2,1.3,2.5,50.0,0.0,0.6,0.0,1.9,10.2,12.1,1.3,1.9,1.3,2.5,5.1,38.7,0,0,-5.7,2020
114,Deandre Ayton,PHX,21,38,20,18,47.1,26.3,11.8,21.7,54.6,0.1,0.5,23.1,2.6,3.4,75.3,5.6,11.0,16.6,2.7,3.0,1.0,2.2,4.5,56.9,23,0,3.7,2020
115,Dejounte Murray,SAS,23,66,29,37,47.4,20.2,8.3,17.9,46.2,1.2,3.1,36.9,2.6,3.2,79.8,1.9,8.8,10.8,7.6,3.5,3.1,0.5,4.0,51.9,6,0,-5.3,2020
116,Delon Wright,DAL,28,73,42,31,47.4,15.2,5.7,12.4,46.2,1.4,3.8,37.0,2.3,3.0,77.0,2.1,6.3,8.5,7.4,2.2,2.6,0.7,2.8,43.9,1,0,1.1,2020
117,Dennis Schroder,OKC,26,65,40,25,47.3,29.1,10.7,22.8,46.9,3.0,7.7,38.5,4.7,5.6,83.9,0.4,5.1,5.6,6.2,3.9,1.1,0.3,3.5,45.4,0,0,5.5,2020
118,Dennis Smith Jr.,NYK,22,34,7,27,47.5,16.5,6.4,18.6,34.1,1.4,4.8,29.6,2.4,4.7,50.9,1.9,5.0,6.9,8.7,5.1,2.5,0.7,5.7,42.2,0,0,-17.2,2020
119,Denzel Valentine,CHI,26,36,12,24,47.5,24.0,9.4,23.1,40.9,4.5,13.3,33.6,0.6,0.8,75.0,0.9,6.3,7.2,4.2,2.5,2.5,0.6,5.0,45.7,0,0,-4.0,2020
120,Deonte Burton,OKC,26,39,22,17,45.4,13.2,5.5,15.9,34.4,1.3,6.7,18.9,1.0,1.8,57.1,0.9,6.4,7.3,2.2,2.4,0.9,1.3,4.3,29.2,0,0,-12.7,2020
121,Derrick Favors,NOP,28,51,24,27,46.0,17.0,7.7,12.5,61.7,0.0,0.3,14.3,1.5,2.6,56.3,6.0,12.5,18.5,3.0,2.0,1.1,1.7,4.0,50.1,18,0,4.3,2020
122,Derrick Jones Jr.,MIA,23,59,34,25,48.1,17.5,6.4,12.2,52.7,1.3,4.6,28.0,3.3,4.3,77.2,2.3,5.8,8.2,2.2,1.0,2.0,1.3,4.5,39.6,0,0,-1.0,2020
123,Derrick Rose,DET,31,50,17,33,47.1,32.8,13.4,27.3,49.0,1.6,5.3,30.6,4.4,5.0,87.1,1.0,3.4,4.4,10.1,4.6,1.5,0.6,1.8,54.7,4,0,-3.0,2020
124,Derrick Walton Jr.,DET,25,26,15,11,46.4,9.9,3.4,7.3,46.2,1.9,4.5,41.7,1.3,1.7,77.8,0.4,2.6,3.0,5.0,0.9,1.3,0.0,3.9,24.1,0,0,-1.5,2020
125,Derrick White,SAS,25,68,32,36,46.4,21.2,7.0,15.3,45.8,2.2,6.0,36.6,5.0,5.8,85.3,1.0,5.2,6.2,6.7,2.5,1.2,1.6,4.2,44.7,0,0,1.2,2020
126,Devin Booker,PHX,23,70,34,36,46.9,34.8,11.7,24.0,48.9,2.6,7.4,35.4,8.7,9.5,91.9,0.5,5.0,5.6,8.5,4.9,0.9,0.3,4.0,53.1,11,0,2.4,2020
127,Devon Hall,OKC,24,11,6,5,43.2,10.7,3.2,16.0,20.0,2.1,9.1,23.5,2.1,4.3,50.0,1.1,2.7,3.7,7.0,2.7,2.1,0.5,3.2,31.0,0,0,4.8,2020
128,Devontae Cacok,LAL,23,1,0,1,40.3,27.3,13.6,27.3,50.0,0.0,0.0,0.0,0.0,0.0,0.0,9.1,13.6,22.7,4.5,0.0,0.0,0.0,0.0,61.4,0,0,22.7,2020
129,Devonte' Graham,CHA,25,63,23,40,49.2,25.5,8.2,21.4,38.2,4.9,13.0,37.3,4.3,5.2,82.0,0.9,3.8,4.7,10.5,4.0,1.4,0.3,2.6,48.0,17,0,-4.1,2020
130,Dewan Hernandez,TOR,23,6,6,0,44.1,21.9,7.8,21.9,35.7,1.6,3.1,50.0,4.7,7.8,60.0,7.8,14.1,21.9,4.7,4.7,1.6,0.0,9.4,55.2,0,0,17.2,2020
131,Dewayne Dedmon,ATL,30,44,17,27,48.1,15.9,6.3,15.8,40.0,1.4,6.7,20.6,1.9,2.2,83.3,3.7,11.7,15.5,1.4,3.5,1.6,2.5,8.3,45.3,3,0,-1.7,2020
132,Dillon Brooks,MEM,24,73,34,39,46.5,26.0,9.6,23.5,40.7,3.2,9.0,35.8,3.6,4.5,80.8,1.5,3.9,5.3,3.3,2.7,1.4,0.6,6.1,40.6,0,0,-0.9,2020
133,Dion Waiters,LAL,28,10,4,6,47.0,25.2,9.3,22.4,41.4,3.4,10.7,31.9,3.2,3.9,82.4,0.5,5.0,5.4,4.5,3.6,0.9,1.4,4.8,41.7,0,0,6.6,2020
134,Domantas Sabonis,IND,24,62,37,25,48.4,25.7,10.3,19.0,54.0,0.4,1.5,25.4,4.8,6.6,72.3,4.2,13.0,17.3,6.9,3.8,1.1,0.7,4.4,58.2,50,4,3.7,2020
135,Donovan Mitchell,UTA,23,69,43,26,47.8,33.5,12.2,27.2,44.9,3.5,9.6,36.6,5.6,6.5,86.3,1.1,5.1,6.2,6.0,3.7,1.4,0.3,3.5,51.2,1,0,2.3,2020
136,Donta Hall,BKN,22,9,4,5,47.4,13.9,5.3,7.8,68.2,0.0,0.0,0.0,3.2,6.4,50.0,5.0,8.5,13.5,1.4,1.8,1.1,2.1,8.2,40.1,0,0,-12.5,2020
137,Donte DiVincenzo,MIL,23,66,53,13,44.9,18.0,6.8,15.1,45.5,2.4,7.3,33.6,1.9,2.5,73.3,1.9,7.4,9.4,4.5,2.7,2.5,0.6,3.3,42.7,1,0,12.1,2020
138,Dorian Finney-Smith,DAL,27,71,40,31,48.0,15.4,5.5,11.8,46.6,2.6,6.9,37.6,1.8,2.4,72.2,3.3,5.9,9.2,2.6,1.6,1.0,0.9,4.0,34.4,5,0,6.3,2020
139,Doug McDermott,IND,28,69,43,26,46.8,24.2,9.1,18.6,48.8,4.4,10.0,43.5,1.6,2.0,82.8,0.9,5.0,5.9,2.7,1.4,0.4,0.2,4.0,35.6,0,0,3.5,2020
140,Dragan Bender,GSW,22,16,10,6,47.0,17.6,6.7,15.1,44.6,2.5,7.1,34.9,1.6,2.3,71.4,2.6,9.4,12.0,4.6,3.5,0.7,1.5,6.9,41.9,0,0,-0.8,2020
141,Draymond Green,GSW,30,43,10,33,46.7,13.2,4.7,12.1,38.9,1.4,4.9,27.9,2.4,3.2,75.9,0.9,9.3,10.2,10.2,3.7,2.3,1.3,4.2,47.4,8,2,-7.4,2020
142,Drew Eubanks,SAS,23,22,13,9,44.9,17.7,7.1,11.1,64.2,0.2,0.2,100,3.3,4.3,76.9,4.6,9.4,14.0,2.5,3.5,0.8,2.8,6.1,45.6,0,0,-11.7,2020
143,Duncan Robinson,MIA,26,73,44,29,48.3,21.9,7.2,15.3,47.0,6.0,13.5,44.6,1.5,1.6,93.1,0.2,5.0,5.2,2.3,1.6,0.8,0.4,4.3,33.6,1,0,7.8,2020
144,Dusty Hannahs,MEM,26,2,0,2,46.3,41.4,13.8,31.0,44.4,6.9,10.3,66.7,6.9,6.9,100,0.0,3.4,3.4,0.0,0.0,0.0,0.0,3.4,45.5,0,0,17.2,2020
145,Dwayne Bacon,CHA,24,39,10,29,48.7,15.9,6.0,17.3,34.8,1.3,4.7,28.4,2.5,3.8,66.0,1.1,6.0,7.1,3.7,2.6,1.6,0.1,3.7,32.6,0,0,-9.3,2020
146,Dwight Howard,LAL,34,69,52,17,48.2,19.1,7.5,10.2,72.9,0.1,0.2,60.0,4.1,7.9,51.4,6.4,12.4,18.7,1.7,3.1,1.1,2.9,8.2,53.2,9,0,6.0,2020
147,Dwight Powell,DAL,28,40,25,15,48.3,17.1,6.6,10.4,63.8,0.5,1.8,25.6,3.4,5.1,66.7,3.4,6.9,10.3,2.7,1.6,1.5,1.0,4.6,39.6,1,0,8.9,2020
148,Dzanan Musa,BKN,21,40,20,20,45.6,18.0,6.0,16.1,37.2,1.8,7.3,24.4,4.2,5.6,75.0,2.0,6.1,8.1,4.0,3.4,1.4,0.1,2.8,34.8,0,0,-2.2,2020
149,E'Twaun Moore,NOP,31,56,27,29,46.2,21.1,8.4,19.8,42.6,2.9,7.6,37.7,1.4,2.0,68.9,1.4,4.5,5.9,3.5,1.8,1.5,0.5,3.6,37.6,0,0,-2.1,2020
150,Ed Davis,UTA,31,28,16,12,48.6,8.2,3.5,7.4,47.8,0.0,0.0,0.0,1.1,2.2,50.0,5.6,11.2,16.8,1.9,2.1,1.8,1.4,9.8,38.8,0,0,-17.3,2020
151,Edmond Sumner,IND,24,31,16,15,46.6,15.9,6.4,14.8,43.0,1.5,5.5,26.4,1.7,3.0,55.2,1.1,3.7,4.8,5.7,2.3,1.6,0.9,4.6,35.5,0,0,-2.9,2020
152,Elfrid Payton,NYK,26,45,17,28,47.8,17.2,7.4,16.9,43.9,0.5,2.6,20.3,1.9,3.3,57.0,2.0,6.1,8.1,12.4,3.7,2.7,0.7,3.4,51.9,6,1,-3.3,2020
153,Elie Okobo,PHX,22,55,23,32,47.8,14.6,4.8,12.0,39.8,1.7,4.7,35.2,3.3,4.7,70.4,1.1,4.9,6.0,7.6,2.5,1.6,0.3,3.6,36.2,0,0,-4.3,2020
154,Emmanuel Mudiay,UTA,24,54,34,20,46.7,21.7,8.3,18.0,46.2,1.6,4.8,34.5,3.5,4.6,75.9,1.0,5.9,6.9,6.4,4.2,1.3,0.5,4.0,41.0,0,0,-2.4,2020
155,Enes Freedom,BOS,28,58,36,22,47.7,22.8,9.7,16.9,57.2,0.0,0.3,14.3,3.4,4.8,70.7,7.9,13.0,20.9,2.7,2.7,1.1,2.0,4.9,58.4,9,0,10.2,2020
156,Eric Bledsoe,MIL,30,61,48,13,44.4,24.6,9.0,19.0,47.5,2.0,5.8,34.4,4.6,5.8,79.0,1.2,6.4,7.6,8.9,4.0,1.5,0.7,3.5,49.7,2,0,11.7,2020
157,Eric Gordon,HOU,31,36,21,15,44.7,22.9,7.5,20.4,36.9,4.2,13.3,31.7,3.6,4.7,76.6,0.4,2.7,3.1,2.4,1.9,1.0,0.6,3.1,33.1,0,0,0.1,2020
158,Eric Mika,SAC,25,1,0,1,46.4,14.6,4.9,7.3,66.7,0.0,0.0,0.0,4.9,4.9,100,4.9,12.2,17.1,0.0,0.0,0.0,0.0,12.2,35.1,0,0,19.5,2020
159,Eric Paschall,GSW,23,60,14,46,47.0,23.8,9.0,18.2,49.7,1.1,3.7,28.7,4.7,6.0,77.4,2.3,5.5,7.8,3.6,2.7,0.9,0.4,3.6,39.8,4,0,-10.7,2020
160,Ersan Ilyasova,MIL,33,63,48,15,44.6,18.7,6.6,14.2,46.6,2.3,6.2,36.5,3.3,3.9,82.8,2.8,10.8,13.7,2.2,1.5,1.1,0.8,4.3,42.4,5,0,3.7,2020
161,Evan Fournier,ORL,27,66,28,38,48.0,28.3,10.0,21.5,46.7,4.0,10.0,39.9,4.2,5.1,81.8,0.4,3.5,4.0,4.8,2.9,1.6,0.3,3.7,43.3,0,0,-1.9,2020
162,Evan Turner,MIN,31,19,3,16,44.7,11.0,4.4,11.9,37.3,0.0,0.9,0.0,2.1,2.5,85.7,1.4,5.3,6.8,6.8,4.6,1.6,1.4,3.6,33.7,0,0,-11.6,2020
163,Frank Jackson,NOP,22,59,26,33,44.7,20.8,7.5,18.5,40.5,2.6,8.1,32.6,3.1,4.2,74.7,1.2,3.4,4.6,3.4,2.7,1.0,0.2,4.3,32.3,0,0,-3.3,2020
164,Frank Kaminsky,PHX,27,39,19,20,45.8,22.3,8.1,18.1,45.0,2.4,7.3,33.1,3.6,5.3,67.8,2.1,8.3,10.4,4.4,2.2,0.8,0.6,4.4,43.4,1,0,-0.5,2020
165,Frank Mason III,MIL,26,9,6,3,43.2,22.7,8.4,18.7,45.1,2.2,7.7,28.6,3.7,6.2,58.8,1.8,5.1,7.0,10.6,4.0,1.8,0.4,4.0,49.6,0,0,0.7,2020
166,Frank Ntilikina,NYK,21,57,19,38,48.2,14.5,5.3,13.5,39.3,1.8,5.6,32.1,2.1,2.4,86.4,0.9,4.0,4.9,7.0,2.9,2.2,0.7,5.8,36.6,1,0,-3.9,2020
167,Fred VanVleet,TOR,26,54,40,14,47.5,23.4,7.9,19.0,41.3,3.6,9.2,39.0,4.1,4.9,84.8,0.4,4.6,5.0,8.8,3.0,2.5,0.4,3.3,48.3,8,0,5.0,2020
168,Furkan Korkmaz,PHI,22,72,42,30,46.9,21.2,7.3,16.9,43.0,4.3,10.7,40.2,2.3,3.1,75.5,0.5,4.5,5.1,2.4,1.8,1.2,0.5,3.0,34.2,0,0,2.7,2020
169,Gabe Vincent,MIA,24,9,5,4,47.3,12.6,4.6,21.1,21.6,3.4,15.4,22.2,0.0,0.0,0.0,0.0,2.9,2.9,3.4,0.6,2.9,0.0,3.4,29.1,0,0,-17.7,2020
170,Garrett Temple,BKN,34,62,30,32,46.6,17.3,6.0,15.8,37.8,3.4,10.4,32.9,1.9,2.3,80.5,0.8,5.1,5.9,4.2,1.7,1.3,0.8,2.9,35.3,2,0,-1.1,2020
171,Garrison Mathews,WAS,23,18,8,10,46.2,19.9,4.9,11.4,42.9,3.9,9.3,41.3,6.3,6.9,91.2,1.2,3.7,4.9,2.0,1.6,1.6,0.2,6.5,32.7,0,0,7.1,2020
172,Gary Clark,ORL,25,42,23,19,46.0,12.7,4.4,10.8,40.6,3.2,9.0,35.1,0.7,0.8,90.0,3.0,5.9,8.9,1.4,0.8,0.5,1.8,3.7,31.5,0,0,-4.5,2020
173,Gary Harris,DEN,25,56,37,19,49.1,16.0,6.0,14.3,42.0,1.9,5.8,33.3,2.1,2.5,81.5,0.7,3.8,4.5,3.3,1.7,2.1,0.4,3.2,32.1,0,0,3.4,2020
174,Gary Payton II,WAS,27,29,13,16,46.8,12.3,5.2,12.6,41.4,1.4,5.0,28.3,0.4,0.9,50.0,2.8,5.9,8.7,5.2,2.2,3.6,0.8,5.9,41.3,1,0,-15.1,2020
175,Gary Trent Jr.,POR,21,61,29,32,47.1,19.1,6.9,15.6,44.4,4.0,9.5,41.8,1.3,1.6,82.2,0.9,2.6,3.5,2.2,0.7,1.7,0.6,3.2,32.6,0,0,-1.9,2020
176,George Hill,MIL,34,59,47,12,45.7,19.9,7.0,13.5,51.6,2.9,6.3,46.0,3.1,3.6,84.2,1.8,4.6,6.4,6.5,2.1,1.7,0.2,3.0,40.9,0,0,10.8,2020
177,Georges Niang,UTA,27,66,41,25,47.2,20.1,7.2,16.5,43.8,4.6,11.5,40.0,1.0,1.2,83.3,0.8,5.7,6.5,2.3,1.5,0.9,0.3,3.8,33.2,0,0,-2.0,2020
178,Giannis Antetokounmpo,MIL,25,63,51,12,44.6,43.2,15.9,28.8,55.3,2.1,6.8,30.4,9.3,14.6,63.3,3.3,16.6,19.9,8.2,5.3,1.4,1.5,4.5,82.9,56,4,15.9,2020
179,Glenn Robinson III,PHI,26,62,17,45,47.4,19.3,7.6,15.7,48.6,2.0,5.2,39.1,2.0,2.3,86.0,2.1,5.0,7.2,2.5,1.5,1.4,0.4,2.7,35.8,1,0,-7.9,2020
180,Goga Bitadze,IND,20,54,32,22,45.4,16.6,6.7,14.4,46.7,0.8,4.0,19.0,2.3,3.2,72.7,2.4,7.8,10.2,2.2,2.7,1.0,3.6,6.3,43.0,1,0,-1.3,2020
181,Goran Dragic,MIA,34,59,37,22,47.4,27.2,9.1,20.6,44.1,3.5,9.6,36.7,5.4,7.0,77.6,0.8,4.5,5.3,8.6,4.1,1.1,0.3,3.5,46.6,3,0,4.7,2020
182,Gordon Hayward,BOS,30,52,34,18,47.0,24.5,9.5,18.9,50.0,2.3,6.0,38.3,3.3,3.9,85.5,1.5,7.9,9.4,5.7,2.6,1.0,0.6,2.6,46.7,8,0,9.0,2020
183,Gorgui Dieng,MEM,30,63,20,43,46.7,19.8,7.1,15.5,45.6,2.3,6.5,35.5,3.3,4.3,77.2,3.9,11.2,15.1,3.1,2.6,2.2,2.5,5.3,54.0,9,0,-4.4,2020
184,Grant Williams,BOS,21,69,47,22,46.8,10.6,3.9,9.5,41.2,1.1,4.3,25.0,1.7,2.4,72.2,2.6,5.3,8.0,3.0,2.2,1.3,1.6,7.3,31.4,0,0,5.9,2020
185,Grayson Allen,MEM,24,38,16,22,45.5,20.9,7.4,15.9,46.6,3.6,8.9,40.4,2.5,2.8,86.7,0.5,4.9,5.4,3.3,2.1,0.6,0.1,3.4,32.5,0,0,-6.1,2020
186,Hamidou Diallo,OKC,21,46,25,21,46.7,16.6,6.9,15.4,44.6,0.8,3.0,28.1,2.0,3.3,60.3,2.3,6.4,8.7,1.9,2.7,1.9,0.5,5.3,34.4,3,0,0.7,2020
187,Harrison Barnes,SAC,28,72,31,41,47.6,20.0,7.0,15.2,46.0,2.0,5.1,38.1,4.1,5.1,80.1,1.5,5.3,6.8,3.0,1.7,0.8,0.2,1.8,34.3,4,0,-2.4,2020
188,Harry Giles III,SAC,22,46,22,24,47.2,22.4,9.8,17.8,55.4,0.0,0.1,0.0,2.7,3.5,77.6,3.0,10.3,13.3,4.2,3.1,1.6,1.3,8.4,50.1,2,0,-9.1,2020
189,Hassan Whiteside,POR,31,67,34,33,47.5,24.6,10.3,16.6,62.1,0.1,0.2,57.1,3.9,5.7,68.6,6.1,15.3,21.4,1.8,2.8,0.6,4.6,4.6,66.0,51,0,2.7,2020
190,Henry Ellenson,BKN,23,5,2,3,39.8,5.3,2.6,18.4,14.3,0.0,10.5,0.0,0.0,0.0,0.0,5.3,10.5,15.8,2.6,0.0,0.0,0.0,2.6,28.2,0,0,31.6,2020
191,Ian Mahinmi,WAS,33,38,15,23,47.1,16.5,6.1,12.2,49.5,0.3,1.5,19.2,4.1,6.6,61.9,4.5,8.2,12.7,2.9,2.6,1.8,2.6,6.6,46.5,1,0,-4.7,2020
192,Ignas Brazdeikis,NYK,21,9,1,8,51.7,16.5,5.8,21.4,27.3,1.0,8.7,11.1,3.9,4.9,80.0,1.9,2.9,4.9,3.9,1.9,0.0,1.0,2.9,29.1,0,0,-11.7,2020
193,Iman Shumpert,BKN,30,13,9,4,48.4,10.9,4.2,12.9,32.8,1.6,6.6,24.2,0.8,1.4,57.1,1.8,5.0,6.8,2.4,2.0,2.4,0.4,4.2,29.1,0,0,-10.5,2020
194,Isaac Bonga,WAS,20,66,22,44,46.4,12.3,4.4,8.7,50.4,0.9,2.6,35.2,2.6,3.2,81.2,2.6,5.6,8.2,2.8,2.2,1.7,0.8,5.8,31.7,0,0,-1.2,2020
195,Isaiah Hartenstein,HOU,22,23,16,7,45.9,18.5,7.6,11.6,65.7,0.0,0.9,0.0,3.3,4.8,67.9,5.0,10.5,15.5,3.1,2.8,1.6,2.1,7.1,49.9,2,0,6.9,2020
196,Isaiah Roby,OKC,22,3,2,1,43.8,0.0,0.0,3.8,0.0,0.0,0.0,0.0,0.0,0.0,0.0,0.0,7.7,7.7,0.0,3.8,0.0,0.0,3.8,5.4,0,0,-15.4,2020
197,Isaiah Thomas,WAS,31,40,14,26,45.6,24.0,8.6,21.0,40.8,3.8,9.3,41.3,3.1,3.7,81.6,0.5,2.8,3.3,7.2,3.8,0.6,0.3,3.8,37.9,1,0,-9.9,2020
198,Ish Smith,WAS,31,68,23,45,45.9,19.0,7.9,17.7,44.7,1.6,4.3,36.7,1.6,2.2,72.1,0.8,4.9,5.6,8.6,2.4,1.5,0.8,2.7,43.0,1,0,-3.6,2020
199,Ivica Zubac,LAC,23,72,49,23,47.6,21.4,8.5,13.8,61.3,0.0,0.1,0.0,4.5,6.0,74.7,7.1,12.4,19.5,2.9,2.2,0.6,2.4,6.0,55.8,10,0,8.3,2020
200,J.J. Barea,DAL,36,29,15,14,48.3,23.8,9.1,22.2,41.1,3.4,9.1,37.6,2.1,2.4,90.9,1.1,4.6,5.7,12.0,4.1,0.5,0.2,2.9,46.9,0,0,2.1,2020
201,J.P. Macura,CLE,25,1,1,0,31.2,0.0,0.0,0.0,0.0,0.0,0.0,0.0,0.0,0.0,0.0,0.0,0.0,0.0,0.0,0.0,0.0,0.0,0.0,0.0,0,0,150.0,2020
202,JJ Redick,NOP,36,60,26,34,45.2,26.2,8.2,18.0,45.3,5.1,11.3,45.3,4.7,5.3,89.2,0.3,4.0,4.3,3.4,2.1,0.6,0.3,2.7,36.9,0,0,-0.6,2020
203,JR Smith,LAL,34,6,2,4,45.3,9.8,4.0,12.6,31.8,0.6,6.3,9.1,1.1,1.1,100,0.0,2.9,2.9,1.7,2.3,0.6,0.0,2.9,15.2,0,0,-20.1,2020
204,Ja Morant,MEM,20,67,33,34,46.2,26.6,10.0,20.9,47.7,1.3,4.0,33.5,5.3,6.9,77.6,1.1,4.6,5.8,10.9,4.9,1.3,0.4,2.4,50.0,15,2,-0.4,2020
205,JaKarr Sampson,IND,27,34,21,13,46.3,15.3,6.7,11.3,59.1,0.2,1.3,15.4,1.8,2.7,66.7,2.0,6.7,8.7,2.1,1.5,1.6,1.2,6.3,35.6,0,0,2.0,2020
206,JaMychal Green,LAC,30,63,43,20,45.8,15.1,5.3,12.3,42.9,3.2,8.3,38.7,1.3,1.7,75.0,2.7,10.9,13.6,1.7,1.9,1.0,0.8,6.1,37.6,7,0,5.2,2020
207,JaVale McGee,LAL,32,68,51,17,47.2,18.6,8.1,12.8,63.7,0.1,0.3,50.0,2.2,3.4,64.6,5.2,11.1,16.3,1.5,2.3,1.5,3.9,6.6,54.5,2,0,5.5,2020
208,Jabari Parker,SAC,25,38,9,29,45.6,26.4,10.9,21.3,51.0,1.6,5.9,26.9,3.0,4.0,75.3,3.0,7.6,10.6,3.4,3.2,2.2,0.8,4.9,50.1,2,0,-4.7,2020
209,Jacob Evans,MIN,23,29,8,21,46.2,14.1,5.0,14.8,33.6,1.4,4.3,33.3,2.8,3.2,86.2,1.0,3.5,4.5,3.4,2.8,1.2,1.3,4.5,29.6,0,0,-11.2,2020
210,Jae Crowder,MIA,29,65,29,36,46.6,17.0,5.6,14.0,40.1,3.4,9.8,34.3,2.4,3.1,77.6,1.3,8.3,9.5,4.0,1.7,1.8,0.6,3.6,39.9,6,0,-3.3,2020
211,Jahlil Okafor,NOP,24,30,9,21,46.5,24.2,10.1,16.1,62.3,0.1,0.3,33.3,4.0,6.2,64.5,4.8,7.9,12.6,3.7,3.8,0.7,2.2,6.7,49.8,2,0,-10.1,2020
212,Jake Layman,MIN,26,23,11,12,43.8,18.2,7.0,15.5,45.3,2.1,6.2,33.3,2.1,2.8,75.0,1.5,3.5,4.9,1.3,2.1,1.5,0.9,4.1,31.0,0,0,1.9,2020
213,Jakob Poeltl,SAS,24,66,30,36,46.4,14.7,6.6,10.5,62.4,0.0,0.0,0.0,1.6,3.4,46.5,5.2,9.7,14.9,4.6,2.1,1.5,3.8,5.0,53.0,4,0,4.7,2020
214,Jalen Brunson,DAL,23,57,34,23,47.6,21.7,8.4,18.1,46.6,2.0,5.6,35.8,2.8,3.5,81.3,1.0,5.2,6.2,8.7,3.1,1.0,0.2,3.4,42.8,2,0,8.0,2020
215,Jalen Lecque,PHX,20,5,2,3,46.5,14.7,5.9,14.7,40.0,0.0,5.9,0.0,2.9,2.9,100,0.0,2.9,2.9,2.9,2.9,0.0,0.0,4.4,19.7,0,0,-29.4,2020
216,Jalen McDaniels,CHA,22,16,7,9,50.1,15.2,5.6,11.9,47.1,1.5,4.1,37.5,2.4,2.9,82.4,2.6,8.5,11.1,2.2,1.9,1.4,0.5,6.1,35.6,0,0,-3.9,2020
217,Jamal Crawford,BKN,40,1,1,0,39.8,33.3,13.3,26.7,50.0,6.7,13.3,50.0,0.0,0.0,0.0,0.0,0.0,0.0,20.0,0.0,0.0,0.0,6.7,63.3,0,0,26.7,2020
218,Jamal Murray,DEN,23,59,38,21,49.0,28.1,10.5,23.0,45.6,2.9,8.3,34.6,4.2,4.8,88.1,1.2,4.9,6.1,7.3,3.3,1.7,0.4,2.6,49.6,3,0,6.2,2020
219,James Ennis III,ORL,29,69,42,27,47.0,16.9,5.9,13.3,44.6,2.0,6.3,32.5,2.9,3.6,80.6,2.6,6.5,9.1,2.3,2.2,1.3,0.8,5.1,35.5,1,0,-0.1,2020
220,James Harden,HOU,30,68,43,25,46.7,43.9,12.6,28.5,44.4,5.6,15.8,35.5,13.0,15.0,86.5,1.3,7.1,8.4,9.6,5.8,2.4,1.1,4.3,73.0,22,4,5.4,2020
221,James Johnson,MIN,33,32,14,18,45.7,19.9,7.6,15.9,47.9,2.4,6.7,36.3,2.3,3.5,64.6,1.8,6.9,8.7,5.5,3.5,1.8,2.4,5.9,47.6,0,0,-5.5,2020
222,Jared Dudley,LAL,34,45,30,15,47.9,9.0,3.2,7.9,40.0,2.4,5.5,42.9,0.3,0.3,100,0.8,6.1,6.9,3.7,1.1,2.0,0.4,5.4,28.8,0,0,2.4,2020
223,Jared Harper,NYK,22,3,1,2,43.8,11.1,5.6,22.2,25.0,0.0,11.1,0.0,0.0,0.0,0.0,0.0,0.0,0.0,0.0,0.0,0.0,0.0,0.0,11.1,0,0,-61.1,2020
224,Jaren Jackson Jr.,MEM,20,57,28,29,46.1,28.1,10.0,21.4,46.9,4.1,10.4,39.4,3.9,5.3,74.7,1.6,5.9,7.4,2.2,2.8,1.1,2.6,6.6,48.8,3,0,-3.0,2020
225,Jarred Vanderbilt,MIN,21,11,6,5,44.3,11.4,4.8,7.6,62.5,0.0,1.0,0.0,1.9,1.9,100,2.9,5.7,8.6,1.9,6.7,2.9,1.0,5.7,29.3,0,0,-26.7,2020
226,Jarrell Brantley,UTA,24,9,3,6,46.8,11.7,4.9,13.7,35.7,1.5,6.3,23.1,0.5,1.0,50.0,1.0,8.8,9.8,5.4,3.4,1.5,2.4,3.4,39.8,0,0,-18.0,2020
227,Jarrett Allen,BKN,22,70,33,37,47.2,19.8,7.7,11.9,64.9,0.0,0.2,0.0,4.4,6.9,63.3,5.5,11.6,17.1,2.8,2.0,1.0,2.3,4.1,52.6,30,0,1.1,2020
228,Jarrett Culver,MIN,21,63,19,44,45.6,17.6,7.0,17.2,40.4,2.0,6.7,29.9,1.6,3.5,46.2,2.1,4.3,6.4,3.3,2.5,1.7,1.2,3.8,36.4,0,0,-3.1,2020
229,Jarrod Uthoff,WAS,27,7,4,3,47.5,17.0,6.3,16.1,38.9,2.7,8.0,33.3,1.8,1.8,100,1.8,3.6,5.4,0.0,0.0,0.9,0.0,1.8,26.1,0,0,8.9,2020
230,Javonte Green,BOS,26,48,33,15,46.5,16.2,6.3,12.5,50.0,0.9,3.3,27.3,2.8,4.2,66.7,2.4,6.9,9.2,2.6,2.3,2.4,0.8,4.3,38.4,0,0,-3.1,2020
231,Jaxson Hayes,NOP,20,64,28,36,44.8,19.6,7.2,10.8,67.2,0.0,0.2,25.0,5.1,7.9,64.7,4.0,6.7,10.8,2.3,2.2,1.1,2.3,6.7,43.9,3,0,-2.4,2020
232,Jaylen Brown,BOS,23,57,38,19,48.4,29.0,10.7,22.2,48.1,3.2,8.5,38.2,4.4,6.1,72.4,1.6,7.6,9.1,3.0,3.1,1.6,0.5,4.2,47.6,8,0,5.7,2020
233,Jaylen Hoard,POR,21,13,7,6,46.2,17.0,6.7,14.3,46.9,0.0,1.3,0.0,3.6,5.8,61.5,6.3,8.1,14.3,1.8,1.8,2.2,0.0,5.4,41.9,0,0,4.5,2020
234,Jaylen Nowell,MIN,20,15,2,13,44.2,16.7,5.6,15.5,35.8,0.9,7.6,11.5,4.7,5.0,94.1,0.9,2.9,3.8,5.6,0.9,0.9,0.3,3.2,32.2,0,0,3.2,2020
235,Jayson Tatum,BOS,22,66,46,20,47.7,32.6,11.6,25.8,45.0,4.0,9.9,40.3,5.4,6.6,81.2,1.3,8.3,9.7,4.2,3.3,2.0,1.2,2.9,56.8,10,0,10.5,2020
236,Jeff Green,HOU,33,48,28,20,46.2,21.8,7.7,16.6,46.2,3.0,8.8,33.9,3.5,4.4,80.2,1.2,5.3,6.4,2.4,2.0,1.3,0.9,4.3,37.6,0,0,-4.1,2020
237,Jeff Teague,ATL,32,59,22,37,45.9,20.1,6.7,15.3,43.6,1.3,3.7,36.8,5.4,6.2,87.3,0.8,3.6,4.5,9.7,3.6,1.4,0.6,3.3,42.2,3,0,-5.3,2020
238,Jerami Grant,DEN,26,71,45,26,48.5,21.8,7.8,16.3,47.8,2.5,6.5,38.9,3.8,5.0,75.0,1.5,4.9,6.4,2.3,1.6,1.3,1.5,3.9,39.4,0,0,-2.2,2020
239,Jeremiah Martin,BKN,24,9,6,3,45.9,29.6,11.1,24.5,45.3,2.3,8.3,27.8,5.1,6.5,78.6,0.5,4.2,4.6,8.3,1.9,3.2,0.9,3.2,58.3,0,0,-7.9,2020
240,Jeremy Lamb,IND,28,46,27,19,48.1,21.5,8.1,17.9,45.1,2.0,5.9,33.5,3.4,4.1,83.6,0.9,6.6,7.5,3.6,1.9,2.0,0.8,3.9,42.6,2,0,0.0,2020
241,Jeremy Pargo,GSW,34,3,0,3,48.7,27.5,12.1,24.2,50.0,3.3,7.7,42.9,0.0,1.1,0.0,1.1,2.2,3.3,8.8,4.4,1.1,0.0,8.8,43.5,0,0,0.0,2020
242,Jerian Grant,WAS,27,6,1,5,46.2,15.5,5.7,15.5,37.0,1.1,4.6,25.0,2.9,4.0,71.4,1.1,2.3,3.4,5.2,1.7,0.6,0.6,6.3,29.1,0,0,-1.7,2020
243,Jerome Robinson,WAS,23,63,36,27,44.7,14.5,5.2,14.1,37.1,2.2,7.0,32.0,1.8,2.6,70.2,0.6,5.3,5.9,4.0,2.2,1.3,0.8,5.1,31.5,0,0,-1.6,2020
244,Jevon Carter,PHX,24,58,29,29,46.8,14.2,5.0,12.0,41.6,3.1,7.2,42.5,1.1,1.3,85.2,1.5,4.4,5.8,4.2,1.6,2.3,0.8,4.3,35.4,0,0,-0.6,2020
245,Jimmy Butler,MIA,30,58,38,20,48.6,28.7,8.6,18.8,45.5,0.7,3.0,24.4,10.9,13.0,83.4,2.6,6.9,9.6,8.7,3.1,2.6,0.8,2.0,60.1,11,3,6.4,2020
246,Joakim Noah,LAC,35,5,4,1,43.2,12.1,3.4,6.9,50.0,0.0,0.0,0.0,5.2,6.9,75.0,4.3,9.5,13.8,6.0,5.2,0.9,0.9,7.8,37.7,0,0,-16.4,2020
247,Joe Chealey,CHA,24,4,1,3,48.5,2.9,0.0,10.1,0.0,0.0,5.8,0.0,2.9,2.9,100,0.0,0.0,0.0,1.4,2.9,5.8,0.0,2.9,19.6,0,0,-26.1,2020
248,Joe Harris,BKN,28,69,33,36,46.7,22.0,8.4,17.3,48.6,3.8,8.9,42.4,1.4,2.0,71.9,1.4,5.2,6.6,3.2,2.3,0.9,0.4,3.5,36.1,0,0,1.9,2020
249,Joe Ingles,UTA,32,72,44,28,47.8,15.8,5.5,12.4,44.5,3.2,7.9,39.9,1.7,2.1,78.7,0.6,5.6,6.2,8.3,3.2,1.5,0.2,3.4,37.7,3,0,5.3,2020
250,Joel Embiid,PHI,26,51,32,19,47.0,36.6,11.9,25.0,47.7,1.8,5.4,33.1,11.0,13.6,80.7,4.4,14.1,18.5,4.7,5.0,1.4,2.0,5.4,71.3,37,0,5.1,2020
251,John Collins,ATL,22,41,15,26,46.1,29.9,11.9,20.5,58.3,2.0,5.0,40.1,4.1,5.1,80.0,3.9,10.1,14.1,2.0,2.5,1.0,2.2,4.7,57.2,22,0,-5.6,2020
252,John Henson,DET,29,40,8,32,47.8,17.6,7.6,13.6,55.6,0.6,2.9,22.2,1.8,3.7,50.0,3.7,9.2,12.9,4.3,2.9,1.9,3.3,6.2,52.5,1,0,-1.5,2020
253,John Konchar,MEM,24,19,9,10,46.3,13.8,6.1,9.5,64.9,1.3,2.6,50.0,0.3,0.5,50.0,4.6,7.4,12.0,5.6,1.8,1.8,0.8,1.8,42.6,0,0,9.2,2020
254,Johnathan Motley,LAC,25,13,8,5,45.7,31.1,12.2,16.7,73.3,1.1,1.1,100,5.6,7.8,71.4,3.3,7.8,11.1,8.9,5.6,3.3,0.0,6.7,62.2,0,0,3.3,2020
255,Johnathan Williams,WAS,25,15,7,8,47.8,12.0,5.1,9.0,55.9,0.0,0.5,0.0,1.9,3.5,53.8,6.4,10.6,17.0,2.1,1.3,0.3,2.1,4.3,41.4,0,0,-10.4,2020
256,Jonah Bolden,PHX,24,7,6,1,44.8,9.5,3.8,10.5,36.4,0.0,3.8,0.0,1.9,3.8,50.0,2.9,5.7,8.6,0.0,1.9,2.9,1.9,9.5,32.2,0,0,1.0,2020
257,Jonas Valanciunas,MEM,28,70,32,38,46.4,26.3,10.9,18.6,58.5,0.8,2.3,35.2,3.7,5.0,74.0,5.4,14.5,19.8,3.3,3.2,0.8,1.9,4.7,59.8,39,1,0.1,2020
258,Jonathan Isaac,ORL,22,34,15,19,48.0,19.8,7.6,16.3,47.0,1.6,4.6,34.0,2.9,3.8,77.9,2.8,8.5,11.3,2.4,2.4,2.6,3.8,4.1,53.8,5,0,0.9,2020
259,Jordan Bell,CLE,25,29,8,21,45.8,16.6,6.3,12.0,52.2,0.7,2.1,33.3,3.4,5.5,61.3,5.4,9.1,14.5,2.9,3.8,0.5,1.8,3.4,41.5,0,0,-1.4,2020
260,Jordan Bone,DET,22,10,3,7,48.2,10.9,4.5,18.2,25.0,1.8,9.1,20.0,0.0,0.0,0.0,0.0,3.6,3.6,7.3,1.8,0.9,0.0,5.5,27.1,0,0,0.0,2020
261,Jordan Clarkson,UTA,28,71,34,37,48.0,30.3,11.1,24.4,45.4,4.3,11.6,36.8,3.9,4.6,83.6,1.4,3.9,5.3,3.8,2.7,1.3,0.5,3.0,44.9,0,0,-0.1,2020
262,Jordan McLaughlin,MIN,24,30,7,23,45.0,17.4,6.6,13.6,48.9,2.2,5.8,38.2,2.0,3.0,66.7,0.5,3.2,3.7,9.5,2.4,2.6,0.3,2.4,42.5,2,0,-5.3,2020
263,Jordan McRae,DET,29,37,12,25,45.9,24.9,8.7,21.4,40.7,2.6,7.4,35.7,4.9,6.4,76.1,1.1,6.2,7.3,5.4,2.5,1.2,0.9,4.3,45.8,0,0,-4.3,2020
264,Jordan Poole,GSW,21,57,12,45,46.2,18.2,6.1,18.2,33.3,2.7,9.6,27.9,3.4,4.3,79.8,0.3,4.0,4.3,4.9,2.7,1.3,0.4,3.4,32.9,0,0,-7.2,2020
265,Josh Gray,NOP,26,2,1,1,48.3,4.3,2.1,4.3,50.0,0.0,0.0,0.0,0.0,0.0,0.0,2.1,2.1,4.3,4.3,10.6,0.0,0.0,2.1,5.1,0,0,-14.9,2020
266,Josh Hart,NOP,25,65,26,39,45.7,17.1,5.9,13.9,42.3,3.2,9.2,34.2,2.2,3.0,73.9,1.6,9.5,11.1,2.8,2.0,1.6,0.6,4.2,39.4,10,0,-3.0,2020
267,Josh Jackson,MEM,23,22,10,12,45.2,23.5,8.3,18.9,44.0,2.7,8.5,31.9,4.2,5.9,70.0,1.3,6.5,7.8,4.2,3.3,2.1,1.1,4.7,45.4,0,0,2.8,2020
268,Josh Magette,ORL,30,8,3,5,48.6,15.4,6.4,19.2,33.3,1.3,5.1,25.0,1.3,2.6,50.0,1.3,6.4,7.7,6.4,6.4,3.8,1.3,5.1,43.2,0,0,1.3,2020
269,Josh Okogie,MIN,21,62,19,43,45.3,15.6,5.0,11.7,42.7,1.2,4.5,26.6,4.5,5.6,79.6,2.5,5.3,7.9,2.9,2.5,2.0,0.8,4.1,35.1,0,0,-4.7,2020
270,Josh Reaves,DAL,23,4,2,2,50.6,14.3,5.4,16.1,33.3,0.0,3.6,0.0,3.6,3.6,100,1.8,3.6,5.4,5.4,0.0,0.0,0.0,8.9,28.8,0,0,8.9,2020
271,Josh Richardson,PHI,26,55,33,22,47.8,21.3,7.8,18.2,43.0,2.4,7.0,34.1,3.2,4.0,80.9,1.2,3.8,4.9,4.6,2.9,1.5,1.0,3.8,38.6,0,0,3.4,2020
272,Jrue Holiday,NOP,30,61,26,35,46.0,25.3,9.9,21.8,45.5,2.6,7.5,35.3,2.8,4.0,70.9,1.7,4.7,6.4,8.9,4.0,2.1,1.0,3.1,51.8,10,1,0.8,2020
273,Juan Toscano-Anderson,GSW,27,13,3,10,48.2,12.2,5.1,11.2,46.0,1.4,4.1,34.8,0.5,0.9,60.0,1.6,7.6,9.2,4.6,2.8,2.3,0.9,5.3,36.9,0,0,-14.0,2020
274,Juancho Hernangomez,MIN,24,48,24,24,45.7,15.8,5.5,13.6,40.5,2.4,7.1,34.1,2.4,3.9,62.0,2.4,8.5,10.8,2.2,1.8,1.0,0.5,3.5,34.9,4,0,-3.0,2020
275,Julius Randle,NYK,25,64,21,43,48.1,28.8,10.7,23.2,46.0,1.5,5.3,27.7,6.0,8.1,73.3,3.5,10.9,14.4,4.6,4.5,1.2,0.5,4.1,53.6,30,0,-5.6,2020
276,Justin Anderson,BKN,26,10,6,4,45.3,11.8,4.2,16.0,26.3,2.5,12.2,20.7,0.8,1.7,50.0,0.4,8.4,8.9,3.4,1.7,0.0,2.5,5.5,33.4,0,0,1.3,2020
277,Justin Holiday,IND,31,73,45,28,47.0,15.5,5.4,12.5,42.8,3.4,8.5,40.5,1.4,1.7,79.1,0.8,5.3,6.1,2.4,1.1,2.2,1.2,3.5,35.6,0,0,0.9,2020
278,Justin Jackson,DAL,25,65,39,26,47.3,16.3,6.1,15.4,39.6,2.2,7.4,29.4,1.9,2.3,84.0,1.2,5.7,7.0,2.4,0.6,0.7,0.5,3.1,30.9,0,0,0.2,2020
279,Justin James,SAC,23,36,14,22,46.1,17.7,6.9,16.7,41.7,1.8,5.8,31.0,2.0,4.2,47.6,1.2,5.2,6.3,3.6,1.6,1.2,1.8,3.4,38.0,0,0,-5.2,2020
280,Justin Patton,DET,23,5,2,3,41.8,15.5,6.9,17.2,40.0,1.7,6.9,25.0,0.0,0.0,0.0,1.7,6.9,8.6,3.4,3.4,0.0,0.0,6.9,27.6,0,0,-27.6,2020
281,Justin Robinson,WAS,22,9,2,7,48.2,12.9,5.0,11.9,41.7,3.0,5.0,60.0,0.0,0.0,0.0,1.0,4.0,5.0,6.9,3.0,0.0,1.0,2.0,29.2,0,0,30.7,2020
282,Justin Wright-Foreman,UTA,22,4,1,3,47.0,19.8,7.3,20.8,35.0,2.1,10.4,20.0,3.1,4.2,75.0,0.0,5.2,5.2,7.3,3.1,2.1,0.0,5.2,40.1,0,0,-31.3,2020
283,Justise Winslow,MEM,24,11,7,4,45.7,16.1,6.5,16.8,38.8,0.8,3.5,22.2,2.3,3.5,66.7,2.1,7.4,9.5,5.7,3.1,0.9,0.6,4.9,37.6,1,0,6.8,2020
284,Jusuf Nurkic,POR,25,8,6,2,47.0,26.2,10.0,20.2,49.5,0.4,1.9,20.0,5.8,6.5,88.6,4.3,10.9,15.2,5.9,3.5,2.0,3.0,7.2,64.8,3,0,-0.7,2020
285,Juwan Morgan,UTA,23,21,12,9,46.0,12.3,5.1,8.9,57.7,1.0,2.7,37.5,1.0,1.4,75.0,3.4,6.5,9.9,2.1,2.1,0.3,0.7,6.5,28.4,0,0,10.3,2020
286,KZ Okpala,MIA,21,5,2,3,50.9,13.7,5.9,9.8,60.0,0.0,2.0,0.0,2.0,3.9,50.0,2.0,7.8,9.8,2.0,2.0,3.9,2.0,3.9,44.1,0,0,-29.4,2020
287,Kadeem Allen,NYK,27,10,3,7,46.1,19.7,7.5,17.3,43.2,2.0,6.3,31.3,2.8,4.3,63.6,0.8,2.8,3.5,8.3,3.1,2.0,0.8,2.8,41.5,0,0,-8.3,2020
288,Karl-Anthony Towns,MIN,24,35,10,25,45.7,35.6,12.2,23.9,50.8,4.4,10.7,41.2,6.9,8.7,79.6,3.7,10.9,14.5,5.9,4.2,1.3,1.6,4.5,66.3,24,0,-0.6,2020
289,Kawhi Leonard,LAC,29,57,41,16,47.7,39.8,13.7,29.2,47.0,3.2,8.4,37.8,9.2,10.4,88.6,1.4,9.0,10.4,7.2,3.8,2.7,0.9,2.9,69.8,13,1,12.3,2020
290,Keita Bates-Diop,DEN,24,44,10,34,46.5,18.0,6.2,14.6,42.7,2.1,6.4,33.0,3.4,4.7,72.0,1.6,6.4,7.9,1.9,1.1,1.2,1.5,2.7,37.3,0,0,-10.7,2020
291,Kelan Martin,MIN,24,31,12,19,45.2,18.0,6.5,16.5,39.2,2.3,8.8,26.0,2.7,2.8,96.8,1.1,7.7,8.8,2.1,1.8,0.6,0.8,4.7,34.2,0,0,-2.0,2020
292,Keldon Johnson,SAS,20,17,8,9,44.6,22.8,7.9,13.2,59.6,1.9,3.3,59.1,5.2,6.5,79.5,1.5,7.0,8.5,2.2,1.9,2.1,0.3,4.2,41.5,1,0,9.9,2020
293,Kelly Olynyk,MIA,29,67,41,26,47.1,19.9,6.7,14.4,46.2,3.4,8.5,40.6,3.1,3.6,86.0,1.6,9.5,11.1,4.2,2.6,1.6,0.8,6.3,44.3,3,0,2.2,2020
294,Kelly Oubre Jr.,PHX,24,56,22,34,47.0,25.4,9.1,20.1,45.2,2.6,7.5,35.2,4.7,6.0,78.0,1.6,7.1,8.8,2.1,2.0,1.7,1.0,4.7,45.1,9,0,-0.7,2020
295,Kemba Walker,BOS,30,56,37,19,47.9,31.5,10.4,24.5,42.5,5.0,13.0,38.1,5.8,6.7,86.4,1.0,5.0,6.0,7.4,3.2,1.3,0.8,2.5,52.8,2,0,6.8,2020
296,Kendrick Nunn,MIA,24,67,42,25,48.4,25.2,9.9,22.5,43.9,3.4,9.6,35.0,2.1,2.5,85.0,0.5,3.9,4.4,5.4,2.8,1.4,0.4,3.7,41.1,0,0,1.5,2020
297,Kenrich Williams,NOP,25,39,12,27,46.5,7.6,2.9,8.2,34.7,1.4,5.4,25.8,0.5,1.5,34.6,2.9,7.6,10.4,3.2,1.2,1.5,1.2,4.9,31.7,0,0,-1.5,2020
298,Kent Bazemore,SAC,30,68,32,36,46.8,16.6,5.5,14.8,37.5,2.3,6.8,34.4,3.1,4.1,76.9,0.7,7.4,8.2,2.6,2.5,2.1,1.1,5.4,37.2,0,0,0.3,2020
299,Kentavious Caldwell-Pope,LAL,27,69,51,18,46.7,17.1,6.3,13.4,46.7,2.4,6.3,38.5,2.1,2.7,77.5,1.0,2.8,3.8,2.9,1.6,1.5,0.4,3.4,30.0,0,0,4.1,2020
300,Kevin Hervey,OKC,23,10,3,7,43.1,14.0,5.8,22.3,25.9,2.5,16.5,15.0,0.0,0.0,0.0,0.8,9.1,9.9,4.1,0.0,0.8,0.8,3.3,37.1,0,0,-28.1,2020
301,Kevin Huerter,ATL,21,56,19,37,46.2,17.9,6.6,16.0,41.3,3.3,8.8,38.0,1.4,1.7,82.8,0.9,5.1,6.0,5.6,2.3,1.3,0.7,3.6,37.3,2,0,-6.3,2020
302,Kevin Knox II,NYK,20,65,21,44,46.9,16.9,5.8,16.1,35.9,2.6,8.0,32.7,2.7,4.1,65.3,1.1,6.3,7.4,2.5,1.8,0.9,1.1,4.3,33.8,0,0,-7.2,2020
303,Kevin Love,CLE,31,56,16,40,47.8,26.5,8.8,19.5,45.0,3.9,10.5,37.4,5.0,5.9,85.4,1.4,13.2,14.7,4.8,3.8,0.9,0.5,2.4,51.7,23,0,-7.2,2020
304,Kevin Porter Jr.,CLE,20,50,15,35,48.1,20.6,7.7,17.4,44.2,2.2,6.5,33.5,3.0,4.2,72.3,0.9,5.8,6.7,4.5,3.8,1.9,0.6,5.6,39.0,0,0,-12.0,2020
305,Kevon Looney,GSW,24,20,6,14,46.4,12.1,5.1,14.0,36.7,0.2,2.5,7.1,1.6,2.1,75.0,5.0,6.7,11.7,3.5,2.1,2.1,1.1,6.0,38.9,0,0,-17.6,2020
306,Khem Birch,ORL,27,48,19,29,48.1,11.1,3.8,7.5,51.0,0.0,0.1,0.0,3.4,5.3,65.3,4.7,6.7,11.5,2.6,1.6,1.0,1.2,4.7,33.9,0,0,-6.8,2020
307,Khris Middleton,MIL,28,62,46,16,45.1,31.5,11.5,23.0,49.7,3.6,8.6,41.5,5.1,5.5,91.6,1.1,8.2,9.3,6.4,3.3,1.3,0.2,3.5,53.4,7,0,12.2,2020
308,Khyri Thomas,DET,24,8,2,6,50.6,14.0,4.1,14.0,29.4,4.1,11.6,35.7,1.7,3.3,50.0,0.8,0.0,0.8,2.5,2.5,2.5,0.0,7.4,23.7,0,0,-29.8,2020
309,Kostas Antetokounmpo,LAL,22,5,3,2,43.7,15.2,6.5,6.5,100,0.0,0.0,0.0,2.2,4.3,50.0,4.3,2.2,6.5,4.3,2.2,0.0,0.0,4.3,27.4,0,0,15.2,2020
310,Kris Dunn,CHI,26,51,19,32,47.5,14.0,5.7,12.8,44.4,1.1,4.2,25.9,1.5,2.0,74.1,0.9,6.1,7.0,6.5,2.5,3.8,0.6,5.9,42.7,0,0,-1.1,2020
311,Kristaps Porzingis,DAL,24,57,32,25,47.2,30.3,10.4,24.3,42.7,3.7,10.5,35.2,5.9,7.4,79.9,2.6,11.5,14.1,2.7,2.4,1.1,3.0,4.8,61.0,25,0,7.0,2020
312,Ky Bowman,GSW,23,45,9,36,47.2,15.6,6.2,14.9,41.7,1.5,5.0,30.8,1.6,1.9,82.9,1.1,4.5,5.6,6.1,3.3,2.0,0.5,4.7,35.7,0,0,-8.1,2020
313,Kyle Alexander,MIA,23,2,0,2,43.1,6.5,3.2,6.5,50.0,0.0,0.0,0.0,0.0,0.0,0.0,6.5,3.2,9.7,0.0,3.2,0.0,0.0,3.2,14.8,0,0,-9.7,2020
314,Kyle Anderson,MEM,26,67,32,35,45.9,13.4,5.4,11.4,47.4,0.8,2.9,28.2,1.8,2.7,66.7,2.0,7.8,9.8,5.6,2.3,1.9,1.3,3.8,40.8,0,0,-3.1,2020
315,Kyle Guy,SAC,22,3,2,1,39.9,16.7,8.3,20.8,40.0,0.0,12.5,0.0,0.0,0.0,0.0,0.0,4.2,4.2,4.2,0.0,0.0,0.0,4.2,27.9,0,0,-45.8,2020
316,Kyle Korver,MIL,39,58,43,15,44.2,17.8,5.8,13.5,43.0,4.6,10.9,41.8,1.6,1.9,85.4,0.7,4.9,5.6,3.1,2.2,1.2,0.6,3.6,32.2,0,0,5.8,2020
317,Kyle Kuzma,LAL,24,61,46,15,46.3,23.7,8.8,20.3,43.6,2.6,8.3,31.6,3.5,4.7,73.5,1.6,6.7,8.3,2.4,2.8,0.8,0.8,3.8,39.5,2,0,5.5,2020
318,Kyle Lowry,TOR,34,58,41,17,46.9,25.2,7.5,17.9,41.6,3.7,10.4,35.2,6.6,7.7,85.7,0.7,5.8,6.5,9.7,4.0,1.8,0.6,4.2,50.8,15,2,6.1,2020
319,Kyle O'Quinn,PHI,30,29,18,11,47.8,15.6,6.4,13.0,49.4,1.1,4.1,25.9,1.7,3.1,55.0,5.2,12.5,17.7,7.8,3.1,1.1,3.7,5.7,59.7,2,0,-5.0,2020
320,Kyrie Irving,BKN,28,20,8,12,46.0,38.3,13.9,29.1,47.8,3.9,9.9,39.4,6.6,7.1,92.2,1.5,5.7,7.2,9.0,3.6,1.9,0.7,3.7,64.6,3,1,-0.5,2020
321,LaMarcus Aldridge,SAS,34,53,23,30,48.2,27.5,10.7,21.8,49.3,1.7,4.3,38.9,4.3,5.2,82.7,2.8,7.9,10.8,3.5,2.0,1.0,2.4,3.5,53.8,14,0,-3.5,2020
322,Lance Thomas,BKN,32,7,4,3,47.7,11.7,3.9,11.2,34.8,2.0,6.3,30.8,2.0,2.0,100,1.0,5.4,6.3,2.9,2.9,0.0,0.0,5.4,20.8,0,0,-26.8,2020
323,Landry Shamet,LAC,23,53,34,19,46.6,15.8,5.1,12.6,40.4,3.6,9.5,37.5,2.1,2.4,85.5,0.2,3.0,3.2,3.2,1.3,0.6,0.3,4.6,26.0,0,0,3.9,2020
324,Langston Galloway,DET,28,66,20,46,47.8,19.0,6.6,15.2,43.5,3.7,9.3,39.9,2.1,2.4,85.9,0.9,3.3,4.2,2.8,1.1,1.3,0.3,2.7,32.2,0,0,-4.0,2020
325,Larry Nance Jr.,CLE,27,56,16,40,48.0,18.4,7.5,14.1,53.1,1.8,5.2,35.2,1.6,2.4,67.6,3.5,9.9,13.3,4.0,2.0,1.8,0.7,3.0,46.1,12,0,-5.1,2020
326,Lauri Markkanen,CHI,23,50,18,32,47.2,23.3,7.9,18.7,42.5,3.5,10.0,34.4,4.0,4.8,82.4,1.9,8.0,9.9,2.3,2.6,1.3,0.7,3.0,42.3,3,0,-2.2,2020
327,LeBron James,LAL,35,67,50,17,47.2,34.6,13.1,26.5,49.3,3.0,8.7,34.8,5.4,7.8,69.3,1.3,9.3,10.7,13.9,5.3,1.6,0.7,2.4,70.0,46,13,9.0,2020
328,Lonnie Walker IV,SAS,21,61,29,32,46.8,18.4,7.2,16.9,42.6,1.9,4.8,40.6,2.1,2.9,72.1,1.1,5.5,6.6,3.2,2.1,1.5,0.7,3.7,35.6,0,0,-0.2,2020
329,Lonzo Ball,NOP,22,63,26,37,45.8,16.8,6.3,15.5,40.3,3.3,8.9,37.5,1.0,1.7,56.6,1.6,7.1,8.7,9.9,4.4,2.0,0.9,2.9,46.3,12,3,-0.6,2020
330,Lou Williams,LAC,33,65,44,21,45.5,28.9,9.5,22.9,41.8,2.7,7.7,35.2,7.1,8.3,86.1,0.8,4.2,4.9,8.9,4.4,1.1,0.3,2.0,47.8,2,0,5.0,2020
331,Louis King,DET,21,10,3,7,48.6,15.6,6.3,16.4,38.1,3.1,8.6,36.4,0.0,2.3,0.0,0.8,7.0,7.8,3.9,1.6,1.6,0.0,7.8,34.0,0,0,14.8,2020
332,Luc Mbah a Moute,HOU,33,3,1,2,39.7,8.1,3.2,8.1,40.0,0.0,3.2,0.0,1.6,3.2,50.0,1.6,1.6,3.2,0.0,1.6,3.2,0.0,0.0,20.0,0,0,-11.3,2020
333,Luguentz Dort,OKC,21,36,26,10,48.3,14.4,5.1,12.8,39.4,1.8,5.9,29.7,2.5,3.1,79.2,1.4,3.4,4.8,1.6,1.3,1.8,0.2,5.7,27.3,0,0,3.2,2020
334,Luka Doncic,DAL,21,61,36,25,47.3,40.6,13.4,29.0,46.3,4.0,12.5,31.6,9.8,13.0,75.8,1.8,11.4,13.2,12.4,6.0,1.4,0.3,3.5,74.4,39,17,5.8,2020
335,Luka Samanic,SAS,20,3,1,2,47.9,15.8,5.0,15.8,31.3,3.0,7.9,37.5,3.0,4.0,75.0,1.0,8.9,9.9,5.9,2.0,0.0,2.0,5.9,40.6,0,0,5.0,2020
336,Luke Kennard,DET,24,28,11,17,48.5,23.2,7.9,18.0,44.2,3.8,9.6,39.9,3.5,3.9,89.3,0.5,4.7,5.2,6.0,2.3,0.6,0.3,3.4,39.1,0,0,-1.2,2020
337,Luke Kornet,CHI,24,36,11,25,47.3,18.2,6.9,15.8,43.9,2.6,9.1,28.7,1.7,2.4,71.4,1.9,5.2,7.1,2.7,1.2,0.9,2.2,4.6,39.0,0,0,-3.6,2020
338,Malcolm Brogdon,IND,27,54,34,20,48.5,26.0,9.5,21.7,43.8,2.2,6.7,32.6,4.8,5.4,89.2,1.3,6.3,7.6,11.1,3.8,1.0,0.3,2.9,51.9,9,0,2.6,2020
339,Malcolm Miller,TOR,27,28,24,4,46.0,9.9,3.4,8.2,41.4,2.3,6.3,36.4,0.9,2.3,37.5,0.6,4.0,4.5,3.1,1.1,1.4,0.6,5.1,24.9,0,0,17.0,2020
340,Malik Beasley,MIN,23,55,30,25,46.4,23.6,8.7,20.5,42.5,4.1,10.6,38.8,2.1,2.5,81.8,0.7,5.0,5.7,2.9,2.2,1.5,0.3,3.0,38.1,1,0,-1.9,2020
341,Malik Monk,CHA,22,55,18,37,48.3,23.3,8.8,20.2,43.4,2.4,8.4,28.4,3.4,4.1,82.0,1.1,5.4,6.5,4.7,3.2,1.0,0.7,3.1,40.1,1,0,-9.5,2020
342,Malik Newman,CLE,23,1,0,1,52.6,28.6,0.0,28.6,0.0,0.0,14.3,0.0,28.6,28.6,100,0.0,0.0,0.0,0.0,14.3,0.0,0.0,0.0,14.3,0,0,-42.9,2020
343,Marc Gasol,TOR,35,44,35,9,46.9,13.4,4.8,11.3,42.7,2.3,6.0,38.5,1.5,2.0,73.5,1.3,9.9,11.1,5.9,2.4,1.4,1.5,5.0,42.0,3,0,10.8,2020
344,Marco Belinelli,SAS,34,57,27,30,46.1,18.9,6.4,16.4,39.2,3.5,9.3,37.6,2.5,3.0,82.8,0.4,4.8,5.2,3.6,1.0,0.6,0.1,2.3,31.5,0,0,1.0,2020
345,Marcus Morris Sr.,LAC,30,62,26,36,48.6,25.9,8.9,20.3,43.8,3.6,8.7,40.8,4.5,5.5,82.3,1.5,6.3,7.8,2.2,2.4,1.2,0.8,4.5,41.9,3,0,1.1,2020
346,Marcus Smart,BOS,26,60,39,21,47.4,19.2,6.3,16.8,37.5,3.4,9.8,34.7,3.1,3.8,83.6,1.0,4.5,5.6,7.2,2.5,2.5,0.7,4.0,43.7,3,0,6.9,2020
347,Marial Shayok,PHI,24,4,2,2,42.2,16.7,4.5,18.2,25.0,3.0,9.1,33.3,4.5,6.1,75.0,1.5,9.1,10.6,1.5,4.5,0.0,1.5,6.1,31.7,0,0,-19.7,2020
348,Mario Hezonja,POR,25,53,24,29,46.0,13.5,4.9,11.5,42.2,1.3,4.1,30.8,2.5,3.1,81.4,1.6,8.1,9.7,2.6,2.2,1.9,0.5,5.6,34.0,1,0,-9.3,2020
349,Markelle Fultz,ORL,22,72,33,39,47.7,20.8,8.6,18.5,46.5,0.9,3.2,26.7,2.8,3.8,73.0,1.0,4.7,5.7,8.8,3.5,2.2,0.3,3.4,44.6,4,1,-1.4,2020
350,Markieff Morris,LAL,30,58,22,36,47.3,22.3,8.1,18.2,44.3,3.5,9.1,38.6,2.6,3.4,77.6,1.6,7.1,8.7,3.1,3.0,1.2,0.7,5.3,40.0,1,0,-5.0,2020
351,Marko Guduric,MEM,25,44,19,25,45.5,16.3,5.8,14.8,39.5,2.4,7.8,30.1,2.3,2.4,92.3,1.3,5.6,6.9,4.2,3.4,1.1,0.8,3.2,33.2,0,0,-2.6,2020
352,Marques Bolden,CLE,22,1,0,1,40.2,0.0,0.0,0.0,0.0,0.0,0.0,0.0,0.0,0.0,0.0,0.0,28.6,28.6,0.0,0.0,14.3,0.0,14.3,77.1,0,0,57.1,2020
353,Marquese Chriss,GSW,22,59,15,44,46.7,21.4,8.2,15.0,54.5,0.3,1.5,20.5,4.7,6.1,76.9,4.5,9.8,14.3,4.5,3.0,1.5,2.4,4.8,54.0,9,0,-8.9,2020
354,Marvin Bagley III,SAC,21,13,2,11,47.3,26.2,11.0,23.7,46.7,0.6,3.1,18.2,3.5,4.4,80.6,4.1,9.6,13.7,1.4,2.5,0.8,1.7,6.1,49.9,3,0,-12.6,2020
355,Marvin Williams,MIL,34,58,21,37,47.3,14.4,5.0,11.2,44.6,2.3,6.5,35.9,2.1,2.4,86.0,1.3,6.4,7.7,2.5,1.4,1.5,1.3,4.3,34.3,0,0,-3.4,2020
356,Mason Plumlee,DEN,30,61,38,23,47.7,19.7,8.0,13.0,61.5,0.0,0.2,0.0,3.7,7.0,53.5,4.4,9.9,14.3,7.0,3.7,1.5,1.7,6.5,53.2,2,0,-2.5,2020
357,Matisse Thybulle,PHI,23,65,40,25,47.1,11.2,4.1,9.7,42.3,2.1,5.7,35.7,0.9,1.5,61.0,1.6,2.3,3.9,2.9,1.9,3.4,1.7,5.2,33.7,0,0,1.3,2020
358,Matt Mooney,CLE,25,4,0,4,46.9,5.0,2.5,10.0,25.0,0.0,5.0,0.0,0.0,0.0,0.0,0.0,7.5,7.5,2.5,0.0,5.0,2.5,2.5,40.3,0,0,17.5,2020
359,Matt Thomas,TOR,25,41,31,10,45.6,20.9,7.6,15.5,48.7,4.9,10.3,47.5,0.9,1.2,75.0,0.9,5.4,6.3,2.3,1.7,1.0,0.1,3.9,33.7,0,0,6.7,2020
360,Matthew Dellavedova,CLE,29,57,17,40,47.3,10.2,3.6,10.1,35.4,1.2,5.2,23.1,1.8,2.1,86.5,1.0,3.3,4.3,10.4,3.4,1.2,0.1,4.5,31.4,1,0,-0.7,2020
361,Maurice Harkless,NYK,27,62,39,23,46.5,11.6,4.6,9.2,50.2,1.1,3.2,34.7,1.3,2.2,59.1,1.8,6.0,7.8,2.2,1.7,1.9,1.1,4.8,31.5,0,0,0.7,2020
362,Max Strus,CHI,24,2,0,2,41.6,33.3,13.3,20.0,66.7,0.0,6.7,0.0,6.7,6.7,100,6.7,0.0,6.7,0.0,0.0,0.0,0.0,6.7,41.3,0,0,100.0,2020
363,Maxi Kleber,DAL,28,74,42,32,47.5,16.9,6.0,12.9,46.1,3.0,8.0,37.3,2.0,2.3,84.9,2.8,6.9,9.7,2.2,1.5,0.6,2.1,4.4,38.6,2,0,2.6,2020
364,Melvin Frazier Jr.,ORL,23,19,6,13,45.8,14.5,5.5,12.4,44.1,2.9,5.8,50.0,0.7,1.5,50.0,0.7,2.9,3.6,1.1,1.8,3.3,0.7,4.0,30.7,0,0,-14.2,2020
365,Meyers Leonard,MIA,28,51,34,17,49.1,14.7,5.7,11.1,50.9,2.5,6.1,41.4,0.9,1.3,64.3,1.4,10.9,12.3,2.6,1.9,0.7,0.7,5.1,35.7,2,0,3.7,2020
366,Mfiondu Kabengele,LAC,22,12,9,3,47.7,31.1,10.4,23.7,43.8,6.7,14.8,45.0,3.7,3.7,100,0.7,7.4,8.1,1.5,1.5,1.5,1.5,6.7,50.5,0,0,-0.7,2020
367,Michael Carter-Williams,ORL,28,45,21,24,47.8,18.5,6.4,14.9,42.7,1.3,4.3,29.3,4.5,5.5,83.2,2.6,5.8,8.4,6.3,3.0,2.8,1.3,5.0,47.3,0,0,1.3,2020
368,Michael Frazier II,HOU,26,13,7,6,44.1,8.2,2.1,8.8,24.1,1.2,7.0,17.4,2.7,4.3,64.3,0.3,2.7,3.0,0.6,1.5,0.6,0.0,6.7,13.1,0,0,-17.7,2020
369,Michael Kidd-Gilchrist,DAL,26,25,12,13,49.4,10.6,3.9,11.6,33.3,0.9,3.5,25.0,1.9,2.5,78.6,2.5,9.3,11.8,2.5,2.8,0.4,1.1,6.5,29.8,0,0,1.9,2020
370,Michael Porter Jr.,DEN,22,55,36,19,47.3,26.8,10.2,20.1,50.9,3.2,7.7,42.2,3.1,3.8,83.3,3.5,10.1,13.6,2.4,2.6,1.4,1.3,5.2,52.3,9,0,1.1,2020
371,Mikal Bridges,PHX,23,73,34,39,46.6,15.2,5.6,11.0,51.0,1.6,4.4,36.1,2.4,2.8,84.4,1.5,5.2,6.7,2.9,1.7,2.3,1.0,3.7,36.1,1,0,2.7,2020
372,Mike Conley,UTA,32,47,26,21,47.6,23.6,8.1,19.8,40.9,3.4,8.9,37.5,4.0,4.9,82.7,1.2,4.1,5.3,7.3,3.2,1.3,0.2,3.6,41.9,0,0,2.5,2020
373,Mike Muscala,OKC,28,47,26,21,45.8,18.1,6.2,15.1,40.7,4.3,11.5,37.8,1.4,1.8,81.8,1.3,7.4,8.7,3.2,1.4,0.7,1.0,4.6,37.0,0,0,-1.4,2020
374,Mike Scott,PHI,31,68,39,29,47.2,15.9,5.8,13.7,42.6,3.1,8.5,36.9,1.2,1.4,81.1,2.5,7.2,9.7,2.2,1.0,0.9,0.2,3.8,33.0,0,0,5.5,2020
375,Miles Bridges,CHA,22,65,23,42,49.4,20.9,7.9,18.7,42.4,2.5,7.4,33.0,2.6,3.2,80.9,2.2,6.8,9.0,2.8,2.4,1.0,1.2,3.3,40.1,4,0,-9.8,2020
376,Mitchell Robinson,NYK,22,61,20,41,47.8,20.0,8.6,11.5,74.2,0.0,0.0,0.0,2.8,5.0,56.8,6.3,8.2,14.5,1.2,1.3,1.8,4.0,6.6,55.3,8,0,-3.6,2020
377,Miye Oni,UTA,22,10,5,5,47.6,15.3,5.2,14.0,37.5,3.1,8.3,36.8,1.7,2.2,80.0,2.2,5.2,7.4,1.7,1.7,1.7,0.9,3.9,32.9,0,0,-7.0,2020
378,Mo Bamba,ORL,22,62,30,32,47.9,18.1,7.2,15.6,46.2,2.0,5.8,34.6,1.7,2.5,67.4,5.5,11.0,16.5,2.3,2.3,1.3,4.7,6.3,56.9,2,0,1.1,2020
379,Monte Morris,DEN,25,73,46,27,47.8,19.3,7.6,16.5,45.9,1.9,5.0,37.8,2.2,2.6,84.3,0.7,3.3,4.0,7.5,1.5,1.6,0.5,2.1,40.0,0,0,1.6,2020
380,Montrezl Harrell,LAC,26,63,44,19,45.8,30.7,12.3,21.3,58.0,0.0,0.5,0.0,6.1,9.2,65.8,4.3,7.4,11.7,2.8,2.8,1.0,1.9,3.8,54.8,12,0,6.6,2020
381,Moritz Wagner,WAS,23,45,15,30,44.8,21.1,7.8,14.3,54.5,1.3,4.3,31.3,4.2,5.1,82.1,3.0,8.7,11.7,3.0,3.5,1.5,1.0,8.2,43.7,2,0,-4.8,2020
382,Moses Brown,POR,20,9,4,5,43.2,14.5,5.3,13.2,40.0,0.0,0.0,0.0,3.9,10.5,37.5,3.9,14.5,18.4,1.3,3.9,1.3,1.3,9.2,42.5,0,0,-43.4,2020
383,Mychal Mulder,GSW,26,7,3,4,48.5,18.3,6.2,16.0,38.8,3.8,12.4,30.8,2.1,2.9,75.0,0.7,4.8,5.5,1.9,1.2,0.5,0.2,4.8,28.7,0,0,5.5,2020
384,Myles Turner,IND,24,62,37,25,48.9,20.0,7.2,15.7,45.7,2.3,6.7,34.4,3.4,4.5,75.1,2.3,8.6,10.9,1.9,2.3,1.2,3.5,4.4,48.0,9,0,-0.2,2020
385,Nassir Little,POR,20,48,22,26,46.3,13.9,5.3,12.2,43.0,1.1,4.8,23.7,2.3,3.6,63.6,2.5,6.2,8.7,1.8,1.2,1.1,1.1,5.8,32.4,1,0,-4.4,2020
386,Naz Mitrou-Long,IND,26,5,3,2,47.3,14.1,6.1,17.2,35.3,2.0,12.1,16.7,0.0,0.0,0.0,0.0,7.1,7.1,8.1,3.0,1.0,1.0,2.0,37.8,0,0,20.2,2020
387,Naz Reid,MIN,20,30,8,22,45.5,24.7,9.2,22.3,41.2,2.9,8.9,33.0,3.4,4.9,69.8,3.1,8.3,11.4,3.2,2.0,1.7,2.0,7.6,52.5,2,0,0.6,2020
388,Nemanja Bjelica,SAC,32,72,31,41,48.0,19.8,7.5,15.6,48.1,3.2,7.6,41.9,1.6,2.0,82.1,2.7,8.3,10.9,4.8,2.4,1.5,1.0,5.2,45.2,10,0,0.1,2020
389,Nerlens Noel,OKC,26,61,38,23,48.1,19.2,7.8,11.5,68.4,0.0,0.1,33.3,3.4,4.5,75.5,3.9,8.9,12.8,2.4,2.8,2.5,3.9,7.1,54.5,3,0,1.2,2020
390,Nic Claxton,BKN,21,15,5,10,45.8,16.2,6.6,11.8,56.3,0.2,1.7,14.3,2.7,5.1,52.4,4.7,6.1,10.8,3.9,2.2,0.2,2.0,3.4,39.4,0,0,-16.4,2020
391,Nickeil Alexander-Walker,NOP,21,47,19,28,46.0,20.8,7.6,20.7,36.8,3.6,10.4,34.6,1.9,2.9,67.6,0.7,5.8,6.5,6.9,4.2,1.3,0.6,4.4,40.7,0,0,-4.4,2020
392,Nicolas Batum,CHA,31,22,6,16,49.5,7.7,2.7,7.9,34.6,1.4,4.8,28.6,0.9,1.0,90.0,2.4,7.3,9.8,6.5,2.2,1.7,0.8,4.0,34.4,0,0,-4.7,2020
393,Nicolo Melli,NOP,29,60,26,34,46.1,17.5,6.0,14.3,42.1,3.1,9.1,33.5,2.4,3.2,74.0,1.7,6.3,8.0,3.6,2.0,1.5,1.0,5.5,38.0,0,0,-3.9,2020
394,Nigel Williams-Goss,UTA,25,10,6,4,46.1,13.0,4.6,14.8,31.3,1.9,6.5,28.6,1.9,1.9,100,1.9,3.7,5.6,5.6,2.8,2.8,0.9,5.6,36.3,0,0,2.8,2020
395,Nikola Jokic,DEN,25,73,46,27,49.3,30.8,11.9,22.6,52.8,1.7,5.4,31.4,5.2,6.4,81.7,3.5,11.5,15.0,10.8,4.8,1.8,0.9,4.7,68.4,43,13,5.4,2020
396,Nikola Vucevic,ORL,29,62,28,34,48.0,29.2,11.8,24.8,47.7,2.4,6.9,33.9,3.1,4.0,78.4,3.4,12.8,16.2,5.3,2.1,1.3,1.1,3.2,61.8,41,0,1.2,2020
397,Noah Vonleh,DEN,24,36,13,23,45.5,15.9,6.3,11.1,56.5,0.4,1.8,20.0,3.0,3.9,78.1,4.5,10.5,14.9,3.4,2.5,1.3,0.7,4.8,42.5,0,0,-6.5,2020
398,Norman Powell,TOR,27,52,40,12,46.4,26.0,9.3,18.8,49.5,3.4,8.6,39.9,4.0,4.8,84.3,0.8,5.1,6.0,2.9,2.4,1.9,0.7,3.4,42.7,0,0,4.6,2020
399,Norvel Pelle,PHI,27,24,12,12,47.6,11.7,5.1,9.9,52.1,0.0,0.2,0.0,1.4,2.9,50.0,4.1,10.7,14.8,1.6,3.7,0.6,6.4,11.3,49.2,0,0,-15.2,2020
400,OG Anunoby,TOR,22,69,50,19,47.1,16.7,6.5,12.9,50.5,2.0,5.2,39.0,1.6,2.3,70.6,1.8,6.5,8.3,2.5,1.8,2.2,1.0,3.8,38.2,5,0,6.2,2020
401,Omari Spellman,MIN,22,49,11,38,46.7,19.5,6.7,15.5,43.1,2.3,5.8,39.1,3.8,4.8,79.3,4.1,7.5,11.5,2.5,2.8,1.7,1.3,3.3,43.2,1,0,-7.6,2020
402,Oshae Brissett,TOR,22,19,15,4,47.6,13.0,4.6,12.7,36.1,1.1,5.3,20.0,2.8,3.5,80.0,3.2,6.0,9.2,2.5,2.5,1.4,0.4,6.3,30.5,0,0,12.0,2020
403,Otto Porter Jr.,CHI,27,14,5,9,46.9,23.7,8.8,19.9,44.3,3.4,8.8,38.7,2.7,3.8,70.4,1.8,5.0,6.8,3.5,1.6,2.1,0.9,4.4,44.6,0,0,3.7,2020
404,P.J. Dozier,DEN,23,29,18,11,47.4,19.3,7.5,18.1,41.4,2.0,5.6,34.7,2.4,3.3,72.4,1.2,5.2,6.3,7.2,3.1,1.6,0.7,5.2,41.6,0,0,-7.6,2020
405,P.J. Tucker,HOU,35,72,44,28,46.4,9.4,3.3,8.0,41.5,2.0,5.6,35.8,0.7,0.9,81.3,2.1,6.8,9.0,2.2,1.4,1.4,0.7,4.3,28.4,6,0,2.9,2020
406,P.J. Washington,CHA,21,58,22,36,49.4,19.9,7.5,16.5,45.5,2.4,6.5,37.4,2.5,3.8,64.7,1.6,7.2,8.9,3.5,2.6,1.4,1.2,4.4,41.1,4,0,-6.2,2020
407,Pascal Siakam,TOR,26,60,46,14,47.1,30.6,11.2,24.6,45.3,2.9,8.1,35.9,5.4,6.8,79.2,1.4,8.4,9.8,4.6,3.3,1.4,1.2,3.8,53.6,12,0,8.9,2020
408,Pat Connaughton,MIL,27,67,53,14,44.9,13.0,4.9,10.9,45.5,2.0,6.0,33.1,1.1,1.4,77.5,2.2,8.1,10.3,3.9,1.9,0.9,1.1,2.5,35.3,0,0,2.9,2020
409,Patrick Beverley,LAC,31,51,38,13,47.3,14.3,5.2,12.0,43.1,2.8,7.3,38.8,1.1,1.7,66.0,2.0,7.4,9.4,6.4,2.3,1.9,0.9,5.5,41.2,4,0,10.0,2020
410,Patrick McCaw,TOR,24,37,27,10,47.2,8.8,3.5,8.4,41.4,1.2,3.7,32.4,0.7,0.9,72.2,1.0,3.5,4.5,4.1,1.5,2.0,0.2,3.1,25.6,1,0,0.1,2020
411,Patrick Patterson,LAC,31,59,39,20,45.8,17.2,5.6,13.8,40.8,4.0,10.2,39.0,2.1,2.5,81.4,2.1,6.8,8.9,2.4,1.2,0.4,0.2,3.2,32.1,1,0,2.8,2020
412,Patty Mills,SAS,31,66,28,38,46.0,23.8,8.0,18.5,43.1,4.8,12.5,38.2,3.0,3.5,86.6,0.7,2.7,3.3,3.7,1.7,1.6,0.2,3.3,37.1,0,0,4.2,2020
413,Paul George,LAC,30,48,34,14,47.0,34.2,11.4,25.9,43.9,5.2,12.6,41.2,6.3,7.2,87.6,0.8,8.2,9.0,6.1,4.1,2.3,0.7,3.7,58.8,5,0,8.5,2020
414,Paul Millsap,DEN,35,51,30,21,49.2,23.4,8.4,17.4,48.2,2.1,4.9,43.5,4.6,5.6,81.6,3.9,7.7,11.6,3.3,2.8,1.7,1.2,5.9,48.3,5,0,8.8,2020
415,Paul Watson,TOR,25,10,7,3,44.5,15.8,5.1,13.3,38.5,2.0,6.1,33.3,3.6,4.6,77.8,1.0,7.7,8.7,4.1,1.5,2.0,0.5,2.6,38.5,0,0,16.8,2020
416,Quinn Cook,LAL,27,44,31,13,46.2,20.4,8.3,19.5,42.5,2.8,7.7,36.5,1.0,1.3,78.6,1.0,3.6,4.6,4.5,3.0,1.1,0.2,2.5,33.4,0,0,5.1,2020
417,Quinndary Weatherspoon,SAS,23,11,5,6,42.2,6.5,2.7,9.2,29.4,0.5,2.7,20.0,0.5,1.1,50.0,0.5,3.3,3.8,6.0,2.7,1.6,0.5,4.3,23.9,0,0,-12.5,2020
418,RJ Barrett,NYK,20,56,17,39,47.6,22.4,8.2,20.3,40.2,1.8,5.5,32.0,4.4,7.1,61.4,1.4,6.4,7.8,4.0,3.5,1.5,0.5,3.4,40.4,2,0,-9.1,2020
419,Rajon Rondo,LAL,34,48,37,11,47.0,16.3,6.5,15.7,41.8,2.0,6.0,32.8,1.3,2.0,65.9,1.1,5.7,6.8,11.5,4.3,1.9,0.1,2.8,43.4,2,0,2.2,2020
420,Raul Neto,PHI,28,54,29,25,47.3,19.5,7.2,15.7,45.5,2.4,6.2,38.6,2.8,3.3,83.0,0.8,3.5,4.3,6.7,3.3,1.7,0.4,3.5,37.9,0,0,2.6,2020
421,Rayjon Tucker,UTA,22,20,12,8,46.4,17.8,5.7,12.4,46.5,0.9,4.9,17.6,5.5,6.6,82.6,0.9,4.9,5.7,1.4,2.3,0.3,0.3,2.9,26.3,0,0,-6.6,2020
422,Reggie Bullock,NYK,29,29,9,20,47.9,16.4,6.3,15.7,40.2,2.6,7.8,33.3,1.2,1.5,81.0,0.9,3.9,4.8,2.9,1.3,1.8,0.2,3.9,31.1,0,0,-5.5,2020
423,Reggie Jackson,LAC,30,31,16,15,48.2,24.0,8.7,21.1,41.1,3.7,9.4,39.3,2.9,3.5,83.3,1.1,4.9,6.0,8.2,3.3,0.8,0.3,3.8,43.6,1,0,7.0,2020
424,Richaun Holmes,SAC,26,44,16,28,48.7,21.2,8.8,13.5,64.8,0.0,0.0,0.0,3.7,4.6,78.8,5.0,9.1,14.1,1.6,2.0,1.6,2.2,6.6,49.9,13,0,0.6,2020
425,Ricky Rubio,PHX,29,65,32,33,46.5,19.5,6.6,16.0,41.5,1.8,5.0,36.1,4.5,5.2,86.3,1.1,5.9,7.0,13.1,4.0,2.2,0.3,3.9,50.9,22,2,3.4,2020
426,Robert Covington,HOU,29,70,27,43,46.3,18.9,6.6,15.7,42.2,3.5,10.4,33.5,2.1,2.7,79.8,1.4,8.7,10.0,1.9,2.2,2.5,2.0,4.8,45.0,7,0,0.7,2020
427,Robert Williams III,BOS,22,29,19,10,47.3,18.3,7.8,10.7,72.7,0.0,0.0,0.0,2.7,4.2,64.7,4.9,10.7,15.6,3.3,2.6,2.7,4.3,6.2,60.3,0,0,4.4,2020
428,Robin Lopez,MIL,32,66,51,15,45.1,16.8,6.9,14.1,49.2,1.6,4.9,33.3,1.3,2.5,52.8,2.6,4.9,7.6,2.1,3.0,0.5,2.1,4.5,33.9,0,0,0.4,2020
429,Rodions Kurucs,BKN,22,47,18,29,45.4,14.3,5.2,11.8,44.6,2.2,6.0,36.7,1.6,2.5,63.2,1.7,7.4,9.1,3.4,3.1,1.7,0.3,6.0,33.2,0,0,-1.8,2020
430,Rodney Hood,POR,27,21,8,13,46.5,17.3,6.5,12.9,50.6,2.6,5.3,49.3,1.6,2.0,77.8,0.8,4.7,5.4,2.4,1.4,1.3,0.3,3.5,30.7,0,0,0.4,2020
431,Rodney McGruder,LAC,28,56,38,18,45.2,9.7,3.7,9.4,39.8,1.2,4.6,27.0,1.0,1.8,55.9,1.5,6.3,7.8,1.9,1.2,1.3,0.4,3.8,26.0,0,0,-0.2,2020
432,Romeo Langford,BOS,20,32,22,10,47.1,10.1,3.6,10.2,35.0,0.6,3.4,18.5,2.3,3.2,72.0,1.9,3.3,5.2,1.7,1.4,1.0,1.0,4.2,23.5,0,0,8.5,2020
433,Rondae Hollis-Jefferson,TOR,25,60,43,17,47.3,17.6,6.5,13.9,47.1,0.1,1.0,13.0,4.4,6.0,73.4,4.6,7.3,11.9,4.5,2.5,1.9,1.0,4.8,44.9,2,0,3.3,2020
434,Royce O'Neale,UTA,27,71,44,27,48.0,10.5,3.7,8.6,43.3,2.2,5.7,37.7,1.0,1.3,76.4,0.6,8.5,9.1,4.2,1.4,1.4,0.7,4.7,32.8,2,0,5.1,2020
435,Rudy Gay,SAS,33,67,30,37,46.0,22.9,8.4,18.8,44.6,2.3,6.9,33.6,3.8,4.3,88.2,1.9,9.5,11.4,3.6,2.8,1.1,1.0,3.2,45.6,4,0,0.4,2020
436,Rudy Gobert,UTA,28,68,42,26,48.3,21.3,8.0,11.5,69.3,0.0,0.0,0.0,5.3,8.3,63.0,4.8,14.2,19.0,2.1,2.7,1.1,2.8,4.5,56.0,49,0,6.1,2020
437,Rui Hachimura,WAS,22,48,15,33,46.4,20.8,8.2,17.5,46.6,0.8,2.8,28.7,3.7,4.5,82.9,2.5,6.9,9.4,2.8,1.7,1.2,0.3,3.4,39.0,3,0,-8.1,2020
438,Russell Westbrook,HOU,31,57,36,21,44.8,34.0,13.2,28.0,47.2,1.2,4.7,25.8,6.3,8.3,76.3,2.2,7.7,9.9,8.8,5.6,2.0,0.4,4.4,60.8,22,8,2.7,2020
439,Ryan Anderson,HOU,32,2,1,1,42.3,15.2,6.1,21.2,28.6,3.0,15.2,20.0,0.0,0.0,0.0,0.0,21.2,21.2,6.1,3.0,3.0,0.0,3.0,55.8,0,0,21.2,2020
440,Ryan Arcidiacono,CHI,26,58,21,37,46.8,13.1,4.5,11.1,40.9,2.7,6.9,39.1,1.4,1.9,71.1,1.0,4.5,5.5,4.8,1.9,1.4,0.2,4.8,29.7,0,0,-4.1,2020
441,Ryan Broekhoff,PHI,29,17,10,7,46.4,18.3,5.7,15.2,37.3,5.2,13.1,39.2,1.8,2.1,87.5,1.3,9.8,11.1,2.8,1.5,1.3,1.0,3.9,41.3,0,0,2.1,2020
442,Sekou Doumbouya,DET,19,38,10,28,48.7,15.7,5.9,15.2,39.0,1.8,6.3,28.6,2.0,3.0,67.4,1.3,6.3,7.6,1.2,2.3,1.3,0.5,5.2,29.9,2,0,-11.4,2020
443,Semi Ojeleye,BOS,25,69,46,23,47.8,11.2,3.8,9.3,40.8,2.3,6.0,37.8,1.3,1.5,87.5,1.2,5.6,6.9,1.8,0.9,1.0,0.2,3.8,24.8,0,0,-1.5,2020
444,Serge Ibaka,TOR,30,55,40,15,47.1,26.8,10.9,21.2,51.2,2.2,5.8,38.5,2.8,3.9,71.8,3.6,10.7,14.3,2.4,3.5,0.9,1.5,4.9,51.2,20,0,3.0,2020
445,Seth Curry,DAL,29,64,38,26,47.1,23.7,8.5,17.2,49.5,4.3,9.6,45.2,2.4,2.9,82.5,0.8,3.5,4.3,3.7,1.9,1.1,0.3,3.4,36.9,0,0,4.8,2020
446,Shabazz Napier,WAS,28,56,16,40,46.1,19.8,6.4,15.6,41.2,2.6,8.2,31.7,4.3,5.2,82.4,0.9,4.5,5.4,9.0,4.4,2.4,0.4,3.5,43.6,2,1,-3.3,2020
447,Shai Gilgeous-Alexander,OKC,21,70,43,27,48.3,26.5,9.5,20.2,47.1,1.7,5.0,34.7,5.7,7.1,80.7,0.9,7.3,8.2,4.6,2.7,1.6,0.9,2.3,48.1,9,1,3.0,2020
448,Shake Milton,PHI,23,40,23,17,48.0,22.5,8.0,16.5,48.4,3.5,8.0,43.0,3.0,3.9,78.5,0.9,4.4,5.2,6.2,2.8,1.2,0.4,5.5,40.1,0,0,-0.3,2020
449,Shamorie Ponds,TOR,22,4,4,0,46.0,39.1,13.0,21.7,60.0,4.3,8.7,50.0,8.7,8.7,100,0.0,4.3,4.3,8.7,0.0,0.0,4.3,8.7,70.4,0,0,0.0,2020
450,Shaquille Harrison,CHI,26,43,14,29,47.3,20.4,7.5,16.1,46.7,1.6,4.1,38.1,3.8,4.9,78.0,2.1,6.3,8.4,4.8,1.9,3.3,1.9,5.4,51.3,1,0,6.1,2020
451,Sindarius Thornwell,NOP,25,2,0,2,47.3,21.3,8.0,14.7,54.5,2.7,5.3,50.0,2.7,5.3,50.0,0.0,5.3,5.3,5.3,2.7,1.3,1.3,2.7,41.1,0,0,-4.0,2020
452,Skal Labissiere,ATL,24,33,14,19,46.5,15.6,6.6,12.1,55.1,0.2,1.1,23.1,2.1,2.7,75.8,5.3,8.5,13.9,3.4,2.5,0.6,2.5,7.3,44.3,1,0,1.0,2020
453,Solomon Hill,MIA,29,59,29,30,46.4,13.8,4.7,11.8,39.6,2.7,7.3,36.8,1.7,2.3,74.1,1.2,5.8,7.0,4.4,2.2,1.8,0.5,3.6,33.7,0,0,-3.3,2020
454,Spencer Dinwiddie,BKN,27,64,30,34,47.2,31.2,10.0,24.2,41.5,2.9,9.5,30.8,8.2,10.6,77.8,0.8,4.5,5.2,10.2,4.1,0.9,0.5,4.3,53.0,9,0,1.2,2020
455,Stanley Johnson,TOR,24,25,19,6,45.6,18.3,6.7,18.0,37.3,2.1,7.3,29.2,2.7,4.9,56.3,2.1,9.1,11.3,6.1,4.6,1.8,1.2,4.9,45.5,0,0,3.7,2020
456,Stanton Kidd,UTA,28,4,3,1,45.0,0.0,0.0,8.8,0.0,0.0,2.9,0.0,0.0,0.0,0.0,0.0,8.8,8.8,2.9,5.9,0.0,0.0,8.8,9.1,0,0,-2.9,2020
457,Stephen Curry,GSW,32,5,1,4,43.7,32.6,10.3,25.7,40.2,3.8,15.4,24.5,8.2,8.2,100,1.3,6.9,8.2,10.3,5.0,1.6,0.6,3.4,59.5,1,0,-14.1,2020
458,Sterling Brown,MIL,25,52,39,13,44.7,15.5,5.5,14.9,37.1,2.6,7.9,32.4,1.9,2.3,80.0,1.8,8.9,10.7,3.0,2.4,1.7,0.4,3.1,36.6,1,0,3.8,2020
459,Steven Adams,OKC,26,63,40,23,47.7,19.4,8.0,13.6,59.2,0.0,0.1,33.3,3.3,5.7,58.2,5.9,10.7,16.6,4.1,2.7,1.4,1.9,3.5,52.9,22,0,4.2,2020
460,Svi Mykhailiuk,DET,23,56,17,39,47.8,19.1,6.3,15.3,41.0,4.3,10.8,40.4,2.2,2.6,81.4,0.6,3.3,3.9,4.0,2.3,1.6,0.2,3.3,32.6,0,0,-0.2,2020
461,T.J. Leaf,IND,23,28,16,12,44.8,17.0,7.3,17.4,41.9,1.0,3.6,27.8,1.4,3.2,43.8,4.6,9.7,14.3,1.8,1.6,2.0,0.8,4.4,43.8,1,0,1.6,2020
462,T.J. McConnell,IND,28,71,44,27,46.4,16.2,7.4,14.4,51.6,0.2,0.6,29.4,1.2,1.5,83.3,1.3,5.3,6.6,12.4,3.5,2.0,0.4,2.6,46.4,2,0,1.9,2020
463,T.J. Warren,IND,26,67,42,25,48.4,29.2,11.7,21.9,53.6,2.0,5.0,40.3,3.7,4.5,81.9,1.5,4.7,6.2,2.2,1.8,1.7,0.7,4.1,45.4,2,0,2.8,2020
464,Tacko Fall,BOS,24,7,5,2,47.2,33.3,15.9,20.3,78.6,0.0,0.0,0.0,1.4,4.3,33.3,1.4,20.3,21.7,1.4,4.3,1.4,5.8,10.1,79.0,0,0,10.1,2020
465,Taj Gibson,NYK,35,62,21,41,48.3,17.9,7.9,13.5,58.4,0.2,0.7,28.6,1.9,2.6,73.2,5.2,7.3,12.6,2.4,2.2,1.3,1.4,5.7,42.5,0,0,-12.2,2020
466,Talen Horton-Tucker,LAL,19,6,2,4,45.6,19.1,7.9,16.9,46.7,2.2,7.3,30.8,1.1,2.2,50.0,1.1,2.8,3.9,3.4,3.4,4.5,0.6,5.6,40.7,0,0,-10.1,2020
467,Tariq Owens,PHX,25,3,0,3,49.7,12.9,3.2,16.1,20.0,0.0,6.5,0.0,6.5,6.5,100,6.5,3.2,9.7,0.0,0.0,3.2,0.0,3.2,34.2,0,0,-51.6,2020
468,Taurean Prince,BKN,26,64,30,34,46.9,19.5,7.0,18.7,37.6,3.7,10.9,33.9,1.8,2.2,79.8,1.3,8.4,9.6,2.9,3.2,1.4,0.6,4.0,38.5,8,0,1.8,2020
469,Terance Mann,LAC,23,41,27,14,45.5,12.4,4.6,9.9,46.8,0.9,2.5,35.0,2.3,3.4,66.7,1.3,5.7,6.9,6.7,2.3,1.4,0.6,5.8,34.5,1,0,-0.6,2020
470,Terence Davis,TOR,23,72,53,19,47.0,21.1,7.7,17.0,45.6,3.7,9.4,38.8,2.0,2.3,86.4,1.9,7.3,9.2,4.5,3.0,1.5,0.5,4.8,42.1,1,0,7.8,2020
471,Terrance Ferguson,OKC,22,56,33,23,49.0,8.6,3.0,8.6,35.5,1.9,6.5,29.2,0.6,0.8,75.0,0.9,2.0,2.9,2.0,1.2,1.1,0.7,6.0,19.0,0,0,-5.6,2020
472,Terrence Ross,ORL,29,69,31,38,47.6,25.6,8.6,21.3,40.3,4.5,12.7,35.1,4.0,4.6,85.3,0.3,5.3,5.6,2.1,1.8,1.9,0.6,2.7,41.3,0,0,-1.8,2020
473,Terry Rozier,CHA,26,63,21,42,49.7,26.0,9.1,21.6,42.3,4.0,9.7,40.7,3.8,4.4,87.4,1.1,5.2,6.3,5.9,3.2,1.4,0.2,2.9,44.2,2,0,-9.1,2020
474,Thabo Sefolosha,HOU,36,41,27,14,45.1,9.5,3.8,9.4,40.7,1.6,5.6,27.8,0.3,0.8,37.5,2.2,7.4,9.6,2.6,1.6,2.5,1.2,4.4,34.6,0,0,3.7,2020
475,Thaddeus Young,CHI,32,64,22,42,46.9,19.4,7.9,17.7,44.8,2.3,6.5,35.6,1.2,2.1,58.3,2.8,6.5,9.3,3.4,3.0,2.7,0.7,3.9,42.9,2,0,-6.2,2020
476,Thanasis Antetokounmpo,MIL,27,20,16,4,43.5,18.6,8.1,16.2,50.0,0.0,3.4,0.0,2.4,5.7,41.2,4.1,4.1,8.1,5.1,4.1,2.4,0.7,6.1,41.0,0,0,-5.4,2020
477,Theo Pinson,NYK,24,33,15,18,46.8,15.4,5.8,19.8,29.0,1.9,10.2,18.8,1.9,2.0,93.8,1.3,5.6,6.9,7.2,4.2,2.2,0.5,4.5,38.3,0,0,-5.1,2020
478,Thomas Bryant,WAS,22,46,15,31,46.0,24.4,9.7,16.8,58.1,1.5,3.7,40.7,3.4,4.7,74.1,3.9,9.3,13.3,3.3,2.1,1.0,2.0,4.1,52.1,11,0,-6.5,2020
479,Thon Maker,DET,23,60,20,40,48.9,17.7,5.9,12.2,48.2,1.4,4.0,34.4,4.6,6.9,66.4,3.4,7.1,10.5,2.7,2.8,1.6,2.5,6.4,43.7,2,0,-9.0,2020
480,Tim Frazier,DET,29,27,9,18,48.1,13.1,4.6,12.7,36.2,1.4,4.1,33.3,2.6,3.3,79.2,1.2,3.3,4.5,12.6,4.9,1.9,0.5,5.7,39.9,0,0,-7.3,2020
481,Tim Hardaway Jr.,DAL,28,71,41,30,47.0,25.2,8.6,19.9,43.4,4.6,11.5,39.8,3.3,4.1,81.9,0.6,4.7,5.2,3.1,1.6,0.9,0.1,2.8,37.6,0,0,6.5,2020
482,Timothe Luwawu-Cabarrot,BKN,25,47,20,27,46.4,19.8,6.4,14.6,43.5,3.4,8.7,38.8,3.8,4.4,85.2,1.6,5.3,6.9,1.6,2.0,1.0,0.4,5.8,32.6,0,0,-2.8,2020
483,Tobias Harris,PHI,27,72,43,29,48.4,27.6,10.8,23.0,47.1,2.6,7.0,36.7,3.4,4.2,80.6,1.4,8.3,9.7,4.4,2.0,1.0,0.8,3.2,49.4,11,0,3.1,2020
484,Tomas Satoransky,CHI,28,65,22,43,47.7,16.3,6.0,14.0,43.0,1.6,5.1,32.2,2.7,3.1,87.6,1.9,4.5,6.4,9.0,3.3,2.0,0.2,3.4,40.9,3,0,-1.8,2020
485,Tony Bradley,UTA,22,58,36,22,46.7,20.1,8.9,13.3,66.7,0.2,0.2,100,2.1,3.2,65.2,7.8,11.0,18.8,1.6,2.1,1.0,2.3,8.1,52.9,1,0,-0.8,2020
486,Tony Snell,DET,28,59,18,41,48.7,14.1,5.0,11.3,44.5,3.0,7.5,40.2,0.9,0.9,100,0.3,3.0,3.3,3.8,0.9,0.9,0.4,3.0,26.9,0,0,-5.1,2020
487,Torrey Craig,DEN,29,58,38,20,49.3,14.5,5.7,12.4,46.1,2.1,6.3,32.6,1.0,1.7,61.1,2.9,5.8,8.7,2.2,1.1,1.1,1.7,6.2,35.2,2,0,-8.0,2020
488,Trae Young,ATL,21,60,18,42,45.6,38.3,11.8,26.9,43.7,4.4,12.2,36.1,10.4,12.0,86.0,0.7,4.8,5.5,12.1,6.2,1.4,0.2,2.2,61.4,28,2,-4.9,2020
489,Tremont Waters,BOS,22,11,8,3,47.6,16.1,5.6,19.7,28.6,1.6,9.6,16.7,3.2,3.2,100,0.0,4.8,4.8,6.4,6.0,4.0,0.8,5.2,39.9,0,0,8.0,2020
490,Treveon Graham,ATL,26,55,21,34,46.5,12.2,4.4,12.1,36.0,1.7,6.0,27.5,1.8,2.8,64.3,2.6,5.0,7.5,2.3,1.5,1.2,0.3,5.1,27.6,0,0,-7.6,2020
491,Trevor Ariza,POR,35,53,22,31,47.6,13.5,4.5,10.3,43.8,2.5,6.6,37.2,2.0,2.4,83.8,1.1,6.8,7.9,2.9,1.8,2.2,0.5,3.5,33.5,0,0,-0.3,2020
492,Trey Burke,DAL,27,33,16,17,48.4,22.6,8.8,19.5,45.0,3.0,7.0,42.7,2.1,2.7,79.3,1.5,3.2,4.7,7.7,2.0,1.5,0.2,3.1,42.9,0,0,2.3,2020
493,Trey Lyles,SAS,24,63,27,36,47.6,15.1,5.7,12.8,44.6,2.4,6.3,38.7,1.2,1.7,73.3,2.7,10.9,13.5,2.6,1.5,1.0,1.0,3.7,40.0,2,0,-2.1,2020
494,Tristan Thompson,CLE,29,57,19,38,48.5,19.3,8.1,15.8,51.2,0.3,0.6,39.1,2.8,4.5,61.5,6.4,9.9,16.3,3.4,2.9,0.9,1.4,3.5,48.0,25,0,-10.7,2020
495,Troy Brown Jr.,WAS,20,69,24,45,46.0,18.5,7.0,16.1,43.9,1.6,4.6,34.1,2.8,3.6,78.4,2.0,7.9,9.9,4.6,2.0,2.2,0.2,3.4,42.3,6,0,-5.8,2020
496,Troy Daniels,DEN,28,47,34,13,46.8,17.6,6.3,16.4,38.7,4.0,11.6,34.8,0.9,1.4,62.5,1.1,3.5,4.6,1.5,1.1,1.0,0.3,3.3,28.0,0,0,0.4,2020
497,Ty Jerome,PHX,22,31,16,15,46.8,14.6,5.4,16.1,33.6,2.0,7.1,28.0,1.7,2.3,75.0,1.0,5.6,6.6,6.3,2.6,2.1,0.4,4.1,37.0,0,0,-14.6,2020
498,Tyler Cook,DEN,22,13,3,10,47.4,20.2,7.0,10.5,66.7,0.0,0.0,0.0,6.1,7.0,87.5,5.3,7.0,12.3,0.9,2.6,2.6,0.0,4.4,41.5,0,0,-14.9,2020
499,Tyler Herro,MIA,20,55,34,21,47.7,23.5,8.5,19.9,42.8,3.7,9.4,38.9,2.7,3.2,87.0,0.5,6.6,7.1,3.8,2.7,1.1,0.3,2.4,39.0,1,0,-0.6,2020
500,Tyler Johnson,BKN,28,39,16,23,45.9,17.7,6.3,16.2,38.8,2.5,7.7,31.9,2.7,3.2,84.0,1.2,3.8,4.9,4.8,1.9,1.0,0.6,3.8,33.8,0,0,-6.7,2020
501,Tyler Zeller,SAS,30,2,1,1,43.1,22.2,11.1,44.4,25.0,0.0,0.0,0.0,0.0,0.0,0.0,33.3,11.1,44.4,0.0,0.0,0.0,0.0,0.0,75.6,0,0,33.3,2020
502,Tyrone Wallace,ATL,26,14,3,11,46.2,11.5,4.0,12.7,31.8,0.3,4.3,6.7,3.2,4.9,64.7,0.9,5.5,6.3,3.7,2.9,2.0,0.3,5.5,28.8,0,0,-9.2,2020
503,Tyson Chandler,HOU,37,26,15,11,44.4,6.9,2.8,3.6,77.8,0.0,0.0,0.0,1.2,2.6,46.2,5.1,8.3,13.4,1.2,1.6,1.2,1.6,6.5,31.6,0,0,6.1,2020
504,Tyus Jones,MEM,24,65,32,33,45.0,17.7,7.2,15.7,45.9,1.7,4.5,37.9,1.6,2.1,74.1,0.3,3.4,3.8,10.4,2.0,2.2,0.2,1.6,42.9,0,0,-1.8,2020
505,Udonis Haslem,MIA,40,4,3,1,49.6,13.5,4.5,12.4,36.4,1.1,3.4,33.3,3.4,4.5,75.0,1.1,16.9,18.0,1.1,1.1,0.0,0.0,6.7,35.6,0,0,-21.3,2020
506,Vic Law,ORL,24,8,2,6,45.8,11.1,4.4,13.3,33.3,0.7,5.2,14.3,1.5,4.4,33.3,1.5,6.7,8.1,2.2,1.5,1.5,0.0,4.4,27.2,0,0,-5.2,2020
507,Victor Oladipo,IND,28,19,11,8,47.2,24.6,8.7,22.0,39.4,2.9,9.3,31.7,4.3,5.3,81.4,0.8,5.9,6.7,5.0,4.2,1.5,0.4,3.2,41.5,0,0,-0.4,2020
508,Vince Carter,ATL,43,60,19,41,45.6,15.5,5.6,15.8,35.2,3.2,10.5,30.2,1.2,1.5,79.3,0.9,5.5,6.5,2.5,1.7,1.2,1.3,4.7,32.8,0,0,-6.6,2020
509,Vincent Poirier,BOS,26,22,18,4,44.4,14.0,5.8,12.3,47.2,0.3,0.7,50.0,2.0,2.4,85.7,4.4,10.2,14.7,2.7,2.7,0.7,3.1,8.5,44.2,0,0,-6.8,2020
510,Vlatko Cancar,DEN,23,14,7,7,46.8,17.5,6.2,15.5,40.0,1.0,6.2,16.7,4.1,4.1,100,5.2,5.2,10.3,3.1,3.1,1.0,1.0,7.2,37.6,0,0,-8.2,2020
511,Wayne Ellington,NYK,32,36,9,27,47.8,15.7,5.2,14.9,35.1,4.3,12.3,35.0,0.9,1.1,84.6,0.3,5.2,5.6,3.8,1.5,1.1,0.3,3.5,30.8,0,0,-1.5,2020
512,Wendell Carter Jr.,CHI,21,43,15,28,47.7,18.4,7.0,13.0,53.4,0.2,1.1,20.7,4.3,5.8,73.7,5.3,10.1,15.4,1.9,2.7,1.3,1.4,6.2,44.9,17,0,-1.1,2020
513,Wenyen Gabriel,POR,23,30,10,20,45.4,12.2,4.1,9.3,43.8,1.2,3.9,30.0,2.9,4.3,68.2,4.1,6.0,10.1,1.5,3.1,2.1,1.4,7.5,33.9,0,0,-8.5,2020
514,Wes Iwundu,ORL,25,52,23,29,47.4,14.9,4.8,11.6,41.6,1.4,4.1,34.1,3.9,4.8,80.4,1.2,5.3,6.5,3.0,1.3,1.2,0.6,4.0,31.6,0,0,0.5,2020
515,Wesley Matthews,MIL,33,67,52,15,44.8,13.5,4.6,11.6,39.6,3.0,8.1,36.4,1.4,1.9,76.5,0.6,3.9,4.5,2.5,1.2,1.0,0.2,2.8,25.4,0,0,12.4,2020
516,Will Barton,DEN,29,58,38,20,48.9,22.3,8.5,18.8,45.0,2.8,7.3,37.5,2.6,3.4,76.7,1.9,7.4,9.3,5.4,2.2,1.6,0.7,3.1,46.2,7,0,6.2,2020
517,William Howard,HOU,26,2,1,1,45.7,0.0,0.0,13.8,0.0,0.0,13.8,0.0,0.0,0.0,0.0,0.0,6.9,6.9,3.4,3.4,0.0,0.0,3.4,10.0,0,0,-55.2,2020
518,Willie Cauley-Stein,DAL,26,54,16,38,47.7,16.9,7.6,13.1,57.9,0.0,0.0,0.0,1.7,2.9,60.6,3.7,10.0,13.7,3.0,1.7,2.1,2.7,5.3,50.5,3,0,-5.6,2020
519,Willy Hernangomez,CHA,26,31,7,24,48.5,24.6,9.6,18.0,53.2,0.6,2.8,22.7,4.8,7.6,62.7,5.6,11.8,17.3,3.8,3.9,1.3,0.9,4.1,53.7,2,0,-2.3,2020
520,Wilson Chandler,BKN,33,35,16,19,47.1,13.1,4.7,11.7,40.4,2.4,7.8,30.6,1.3,1.5,87.0,0.7,8.6,9.3,2.5,2.2,1.0,0.8,5.1,31.3,0,0,-7.7,2020
521,Yogi Ferrell,SAC,27,50,20,30,47.1,19.4,7.0,16.7,42.0,2.1,7.0,30.4,3.2,3.7,85.7,0.5,3.8,4.4,6.1,2.5,1.6,0.4,3.4,37.2,0,0,-1.2,2020
522,Yuta Watanabe,MEM,25,18,9,9,46.4,15.9,6.6,15.0,44.1,1.3,3.5,37.5,1.3,3.5,37.5,3.1,5.8,8.8,2.2,0.9,2.2,0.4,4.0,36.9,0,0,4.4,2020
523,Zach Collins,POR,22,11,8,3,47.7,12.7,5.3,11.2,47.1,1.2,3.1,36.8,1.0,1.3,75.0,4.1,7.2,11.3,2.6,2.3,0.8,0.8,5.9,32.9,0,0,5.9,2020
524,Zach LaVine,CHI,25,60,20,40,47.6,34.9,12.3,27.4,45.0,4.2,11.0,38.0,6.1,7.6,80.2,0.9,5.7,6.6,5.8,4.7,2.0,0.6,3.0,54.8,2,0,-4.4,2020
525,Zach Norvell Jr.,GSW,22,5,2,3,44.3,10.9,3.3,13.0,25.0,3.3,8.7,37.5,1.1,1.1,100,0.0,6.5,6.5,3.3,3.3,2.2,0.0,4.3,26.8,0,0,-29.3,2020
526,Zhaire Smith,PHI,21,7,3,4,44.9,11.1,4.2,15.3,27.3,0.0,4.2,0.0,2.8,5.6,50.0,0.0,2.8,2.8,2.8,2.8,4.2,0.0,5.6,28.3,0,0,-13.9,2020
527,Zion Williamson,NOP,19,24,11,13,45.1,36.4,14.2,24.3,58.3,0.4,0.9,42.9,7.7,12.0,64.0,4.3,5.8,10.1,3.4,4.0,1.1,0.6,2.8,54.7,2,0,4.2,2020
528,Zylan Cheatham,NOP,24,4,2,2,45.6,10.7,5.4,8.0,66.7,0.0,0.9,0.0,0.0,0.0,0.0,2.7,5.4,8.0,2.7,3.6,0.9,0.9,8.9,26.2,0,0,-25.0,2020
